ID,Release Date,Image,Name,Link,Quantity,Artist,Artist Link,Normal Image,Normal Name,Normal Link,Type,Cost,Position
2142476,2020-04-06,https://static.displate.com/560x784/limited/2020-04-01/e1c632eded83983d8b9beb04fb0a103c_ba92048da72f12f4fc7d762db4876e12.jpg,The New York Flow,https://displate.com/limited-edition/displate/2142476,100,Retina Creative,https://displate.com/retina,https://static.displate.com/280x392/displate/2018-10-31/eb1d2753f4f51c5405d4bb0930c31100_8f27cbd0b4354e63e28d892db6c65dfd.jpg,New York,https://displate.com/displate/673878,LE,139,1
2145124,2020-04-06,https://static.displate.com/560x784/limited/2020-04-01/b8ff20c550a8add2b98a30038199d326_d48a01fa43861ffe93e96567e17ae24d.jpg,The London Birds-eye,https://displate.com/limited-edition/displate/2145124,100,Retina Creative,https://displate.com/retina,https://static.displate.com/280x392/displate/2018-10-31/3e93d624797bb88f166e260bd42d9fab_0c276e21a4b52ee4b9f2c131a6f53cee.jpg,London,https://displate.com/displate/673875,LE,139,2
2145185,2020-04-06,https://static.displate.com/560x784/limited/2020-04-01/971f13da2ff66db9ce8f881f4d73704d_649f25ac018735508ca9d41977f62dc8.jpg,Fearless Fox,https://displate.com/limited-edition/displate/2145185,100,Tomasz Dąbek,https://displate.com/tdabek,https://static.displate.com/280x392/displate/2018-06-06/b0a5b3be2874c9e029e1592128476b6d_f15923bd7e5952783a2805ed267c2859.jpg,Fox - sketch,https://displate.com/displate/587886,LE,139,3
2152065,2020-04-06,https://static.displate.com/560x784/limited/2020-04-02/ad86c8ec23a2f68ebdaa145d08ddeecf_cce8f4d9999da63c6a087811bd68d1be.jpg,Moonlight Dusk,https://displate.com/limited-edition/displate/2152065,100,SpaceFrog Designs,https://displate.com/spacefrogdesigns,https://static.displate.com/280x392/displate/2019-04-04/a77f3bcb62d736585c04781d84d2c94e_bd37be6ce2b0d71bade81a593aeb650f.jpg,Evening Mist,https://displate.com/displate/948452,LE,139,4
2175915,2020-04-16,https://static.displate.com/560x784/limited/2020-04-05/bc1df28c70aa14d477e05ad47c6158cb_5281064edd6142547b3e75e2628e4769.jpg,Underwater Flight,https://displate.com/limited-edition/displate/2175915,100,SpaceFrog Designs,https://displate.com/spacefrogdesigns,https://static.displate.com/280x392/displate/2019-08-29/b6766173659c15c4d2e318b7ece5d355_053beb7cb3d9fb9a23c816b1b2d900a7.jpg,Metallic Stingray,https://displate.com/displate/1254409,LE,139,5
2252924,2020-04-23,https://static.displate.com/560x784/limited/2020-04-16/7074a9eb0468d77421d9230a58754697_89675e924272a434ed5af95dc7d955bb.jpg,Heart of Paris,https://displate.com/limited-edition/displate/2252924,100,Retina Creative,https://displate.com/retina,https://static.displate.com/280x392/displate/2018-10-31/e7808a754acbb1e7939311cdcb3efb07_03c5e6ef0fd702f9bc46976410d056a8.jpg,Paris,https://displate.com/displate/673883,LE,139,6
2295351,2020-04-30,https://static.displate.com/560x784/limited/2020-04-22/03da43f8b6f6303f83a402eed84b5c51_2136622e57aa053cf4bc4bc0c1de55dd.jpg,Destination: Earth,https://displate.com/limited-edition/displate/2295351,100,Tobias Roetsch,https://displate.com/taenaron,https://static.displate.com/280x392/displate/2017-12-07/fcea127a9b33252681a3d2cb77103aea_39da54b5e9988cf4845e721d06826b68.jpg,A Portrait of the Solar System: Earth,https://displate.com/displate/381752,LE,139,7
2344052,2020-05-07,https://static.displate.com/560x784/limited/2020-05-05/6291f89bff2bbf63528b8dda54229a18_a6c6578ba5260a4b888644fbc37e85f9.jpg,Wild Wolf,https://displate.com/limited-edition/displate/2344052,100,Tomasz Dąbek,https://displate.com/tdabek,https://static.displate.com/280x392/displate/2018-03-04/d1342c3c78d339894dfb5a7dd59d77aa_38a3958665cbe2a44937d059815ff74e.jpg,Wolf - sketch,https://displate.com/displate/542295,LE,139,8
2388976,2020-05-14,https://static.displate.com/560x784/limited/2020-05-06/dc23f5b945586e23279dbb900c7c16d7_c6d131d408237e8d3e0f3ded52450073.jpg,Lord of the Sith,https://displate.com/limited-edition/displate/2388976,100,Star Wars,https://displate.com/licensed/star-wars,https://static.displate.com/280x392/displate/2023-08-21/0c11492a114be3deee6bfe9d94189891_eff8da8db1e4f110e6f917de8dbad2a5.jpg,Lord Graffiti Helmet,https://displate.com/displate/6814611,LE,139,9
2458633,2020-05-21,https://static.displate.com/560x784/limited/2020-05-13/2e637bfbbc8e3b45f59f10a25361c75a_a8dd1916a509b2c29cc17be01bf9a705.jpg,Destination: Mars,https://displate.com/limited-edition/displate/2458633,100,Tobias Roetsch,https://displate.com/taenaron,https://static.displate.com/280x392/displate/2017-12-07/86ab171d5a3a941d32f6c5bc80dd9339_096c342fa3640d1f7d9f3dfbc323646a.jpg,A Portrait of the Solar System: Mars,https://displate.com/displate/381761,LE,139,10
2519487,2020-05-28,https://static.displate.com/560x784/limited/2020-05-20/6f42c40912f4c64be4dd4c0ceb731432_190a35b34f1545708073b0423720ad33.jpg,Gotham Knight,https://displate.com/limited-edition/displate/2519487,100,DC Comics,https://displate.com/licensed/dc-comics,https://static.displate.com/280x392/displate/2019-11-27/4fb2452c29ab32610a74cff5ad996376_815d5b586d2b99445295c9e16a21b081.jpg,Black Mirror,https://displate.com/displate/553388,LE,139,11
2588328,2020-06-04,https://static.displate.com/560x784/limited/2020-05-27/965de5e00c1e7d590c625460ae39cad1_da679be31519f0e454c12d8ed3d627d1.jpg,Black Hole,https://displate.com/limited-edition/displate/2588328,100,Retina Creative,https://displate.com/retina,,,,LE,139,12
2663620,2020-06-11,https://static.displate.com/560x784/limited/2020-06-03/7c05d8a8f07519281d657da5337cd90a_5c7211ed02b4fa55484d9f5f7d22e80c.jpg,Majestic Tiger,https://displate.com/limited-edition/displate/2663620,100,Tomasz Dąbek,https://displate.com/tdabek,https://static.displate.com/280x392/displate/2020-05-11/89974fd834521043724a97fd5400faf4_b874f6597a7532cdc08c8aa3c7c0eb27.jpg,White Tiger,https://displate.com/displate/2432226,LE,139,13
2716196,2020-06-18,https://static.displate.com/560x784/limited/2020-06-09/5b21d98e415f5d201fb20df561f7d73e_d2f796a52af80bb4a0d01798990c6bcb.jpg,Natural reflections,https://displate.com/limited-edition/displate/2716196,100,Herri Susanto,https://displate.com/nak_bali_,https://static.displate.com/280x392/displate/2020-05-06/164291a788bd16bc839df057411113d0_511d212d6c5edd3550c1631b887f9564.jpg,Shine like the sun,https://displate.com/displate/2385419,LE,139,14
2801764,2020-06-25,https://static.displate.com/560x784/limited/2020-06-17/2cc28ba1c567bcc0fe192bd3ce638657_5e3f64006aa83771f4b7f254fdaefd1a.jpg,King of the Jungle,https://displate.com/limited-edition/displate/2801764,100,Tomasz Dąbek,https://displate.com/tdabek,https://static.displate.com/280x392/displate/2018-10-01/cf2c0f640935034cb086ac06519145fc_bbf9cce4dba99df5e53b73952f03d25c.jpg,Abstract Lion Head,https://displate.com/displate/663529,LE,139,15
2895577,2020-07-02,https://static.displate.com/560x784/limited/2020-06-24/4fe41377afea762239294f8ae1a0301b_6144a5607038561c35be18b5149e1e36.jpg,The Stone Knight,https://displate.com/limited-edition/displate/2895577,100,Kingdom Come Deliverance,https://displate.com/licensed/kingdom-come-deliverance,https://static.displate.com/280x392/displate/2019-10-24/bdc4b1361127e0de6b3f51ede9904283_7eefeddf46fd241e95ca04b91d763fea.jpg,Key Art 3,https://displate.com/displate/1390553,LE,139,16
2908108,2020-07-09,https://static.displate.com/560x784/limited/2020-07-01/a6129900f4dd1871855c9d721a30633e_05740eadede62c0ee57525e658e334c1.jpg,Destination: Saturn,https://displate.com/limited-edition/displate/2908108,100,Tobias Roetsch,https://displate.com/taenaron,https://static.displate.com/280x392/displate/2017-12-10/c99666eed7fca5baf500b578c5a441ed_f0a4ce5c6023a3ad03c45ed82a4785e1.jpg,A Portrait of the Solar System: Saturn,https://displate.com/displate/386681,LE,139,17
2908206,2020-07-16,https://static.displate.com/560x784/limited/2020-07-08/1418be496711cf45d47c1204823708f0_a52d35a37f3183ff0ab9ecd79c555d62.jpg,The Man of Steel,https://displate.com/limited-edition/displate/2908206,100,DC Comics,https://displate.com/licensed/dc-comics,https://static.displate.com/280x392/displate/2019-11-27/8b25c7c68a71893470201fe0949fa674_4c1b546e7f671d3bedf30e4f90826307.jpg,Superman,https://displate.com/displate/296952,LE,139,18
2908256,2020-07-23,https://static.displate.com/560x784/limited/2020-07-15/4604f7b67b2f3d1863caf2c7c8a9f4e5_8256329396a13f3d573d437873b4e6a3.jpg,Flaming Guitar,https://displate.com/limited-edition/displate/2908256,100,Mr Jackpots,https://displate.com/mrjackpots,,,,LE,139,19
3281914,2020-07-30,https://static.displate.com/560x784/limited/2020-07-21/a45f33e8741c437e7208a389f09ad4fe_6e69bfc5bbf473982a6d09ebb9fd41fe.jpg,Batman On Patrol,https://displate.com/limited-edition/displate/3281914,100,DC Comics,https://displate.com/licensed/dc-comics,https://static.displate.com/280x392/displate/2020-04-27/0e43c599243b2bba7645fc1f49d0696c_66d2b04be067d3247ef5643d522c8d4e.jpg,2005-07,https://displate.com/displate/2324376,LE,139,20
3382563,2020-08-06,https://static.displate.com/560x784/limited/2020-07-29/94e1873625e8f3dfd3d4a71c5a7267b3_34f78ff8b8ed82db950720d732f90570.jpg,Dark Beauty,https://displate.com/limited-edition/displate/3382563,100,RIZA PEKER,https://displate.com/rizapeker,https://static.displate.com/280x392/displate/2018-02-19/f92f54f61db4d48ad9becfce009e62ad_1c79137d272cf5a670e32f2f773f576c.jpg,Day To Night,https://displate.com/displate/535832,LE,139,21
3466976,2020-08-13,https://static.displate.com/560x784/limited/2020-08-05/a84b5310ab77de28020bc9d162467ef2_3c8fb0a8a3e992fabeaf46e0517a86b5.jpg,Neon Cityscape,https://displate.com/limited-edition/displate/3466976,100,Benny Productions,https://displate.com/bennyproductions,https://static.displate.com/280x392/displate/2021-01-19/81cece1c20f85d118369f89b21fb1d53_8741307414cf16c461c269e871ba2f31.jpg,Neon City,https://displate.com/displate/4304291,LE,139,22
3551861,2020-08-20,https://static.displate.com/560x784/limited/2020-08-13/9aed359d3cab1cd817b50d89d0acf089_5179d41dcb03e6330a58e6c61bf7ff68.jpg,Cosmic Sapphire,https://displate.com/limited-edition/displate/3551861,100,Tobias Roetsch,https://displate.com/taenaron,https://static.displate.com/280x392/displate/2018-06-04/3363a2998a15251abef6301baf96e2d1_acb0e6a0fc3f2a19c4677a95aa3e4fd1.jpg,Peerless Sapphire,https://displate.com/displate/586577,LE,139,23
3593006,2020-08-27,https://static.displate.com/560x784/limited/2020-08-19/b53ec6b7b511cb6725bf74ef1acce1db_4fff81cef112fb400dc9b638a4cd14e4.jpg,Essential New York,https://displate.com/limited-edition/displate/3593006,100,Retina Creative,https://displate.com/retina,,,,LE,139,24
3637755,2020-09-03,https://static.displate.com/560x784/limited/2020-08-26/7f4b4030e404040f70a011458129643b_dfde789047acc6ac43411b104e95b6cb.jpg,Smokin' Saxophone,https://displate.com/limited-edition/displate/3637755,100,Mr Jackpots,https://displate.com/mrjackpots,,,,LE,139,25
3671408,2020-09-10,https://static.displate.com/560x784/limited/2020-09-03/6004c2898c95442d1e0ae43da69f94f7_b8448afbbd0985cad77f340b60f6c8db.jpg,Superman Triumphant,https://displate.com/limited-edition/displate/3671408,100,DC Comics,https://displate.com/licensed/dc-comics,https://static.displate.com/280x392/displate/2019-02-01/5c92fbae364272f9c8123b4f0895b964_c11710b6d648dfb00b9f6881f9b50d4b.jpg,Superman,https://displate.com/displate/837565,LE,139,26
3729716,2020-09-17,https://static.displate.com/560x784/limited/2020-09-09/abaf6b912fd1a4b62a184e7cef11d693_a477d3d93828efede7f1655d00a7aaf2.jpg,Visions of Japan,https://displate.com/limited-edition/displate/3729716,100,Daisj Ingrosso,https://displate.com/daisyart_lab,https://static.displate.com/280x392/displate/2018-11-20/4a8d03892c142029829e2f62ab327a8b_4d6f21407a8e8c6d22466dddfcfa9aa3.jpg,Japan Dream,https://displate.com/displate/720209,LE,139,27
3768172,2020-09-24,https://static.displate.com/560x784/limited/2020-09-15/c4eb8ac8acaaa7945a8517aa7781bbbb_9bae8e5eab2cc63c958583721b4eb427.jpg,Golden Tangle,https://displate.com/limited-edition/displate/3768172,200,SpaceFrog Designs,https://displate.com/spacefrogdesigns,https://static.displate.com/392x280/displate/2018-09-06/bf07cf00c2f2ca14841e1f10e7cea244_7ac867b285d3e90cd493cb772097a987.jpg,Balance,https://displate.com/displate/636840,LE,139,28
3809589,2020-10-01,https://static.displate.com/560x784/limited/2020-09-22/84fcab3dead49cc12571e8ea81378ca7_0dfbfb0008e0f0ee352a878b953b986a.jpg,Lady of Secrets,https://displate.com/limited-edition/displate/3809589,200,RIZA PEKER,https://displate.com/rizapeker,https://static.displate.com/280x392/displate/2018-11-12/15a4eb0ccb51a9c3d7851a89e5242d83_c801491b68944210d8a6a270650f82f8.jpg,QUEEN OF SKULLS II,https://displate.com/displate/711716,LE,139,29
3841442,2020-10-08,https://static.displate.com/560x784/limited/2020-09-28/cc6b6fb074811cfc4c262063134959a3_579f83187518e15b656533c13862664a.jpg,Chromatic Dragon,https://displate.com/limited-edition/displate/3841442,200,Stefan Koidl,https://displate.com/koidl,https://static.displate.com/392x280/displate/2019-07-11/5722bb6dc921505d82918a9ce1aa8199_1e74db9bbcb95c7e33f7c50dcbb9452c.jpg,Sky dragon,https://displate.com/displate/1141531,LE,139,30
3888050,2020-10-15,https://static.displate.com/560x784/limited/2020-10-06/b3d5e21d545fee3c51d86fd47ce1f9b4_8206bf16e31eaaa841dd52172fb16855.jpg,"Beware, Humankind!",https://displate.com/limited-edition/displate/3888050,200,Destroy All Humans,https://displate.com/licensed/destroy-all-humans,,,,LE,139,31
3919033,2020-10-22,https://static.displate.com/560x784/limited/2020-10-13/0082551655a44805290c63c6e03208d4_e869dea8b34ca1d7e5860603bf09ee0c.jpg,The Monster Slayer,https://displate.com/limited-edition/displate/3919033,300,Witcher 3,https://displate.com/licensed/witcher-3,,,,LE,139,32
3950812,2020-10-29,https://static.displate.com/560x784/limited/2020-10-21/f1336d87cf1d6f9c3db4840a3a898163_d9af6547bba3e149450b249b1fe63a52.jpg,Dazzling Highbury,https://displate.com/limited-edition/displate/3950812,200,Arsenal,https://displate.com/licensed/arsenal,https://static.displate.com/280x392/displate/2020-07-30/a95c289b96fb9a5635e738c5c2a0864e_022f342976a90d71d43beb446b2a9f76.jpg,Highbury Exterior,https://displate.com/displate/3397020,LE,139,33
3967492,2020-11-05,https://static.displate.com/560x784/limited/2020-10-27/07bd29d5c53a2b41bcd14c05b5647651_3cd74be3c6632a66ddcdeecd2748ad6a.jpg,The Preparation,https://displate.com/limited-edition/displate/3967492,200,Marine Loup,https://displate.com/marineloup,https://static.displate.com/280x392/displate/2018-05-02/d90f07dc6365f2f66250a6528c994fa8_7cbc1978cc53bc9cd47080b7556422dc.jpg,the way of the samurai,https://displate.com/displate/572460,LE,139,34
3997435,2020-11-12,https://static.displate.com/560x784/limited/2020-11-05/ffedf031da58096ee29a81f606df7129_e433e89daa779ebea7d242bf363cbcbf.jpg,Clan of Two,https://displate.com/limited-edition/displate/3997435,300,Star Wars,https://displate.com/licensed/star-wars,https://static.displate.com/280x392/displate/2023-08-21/141944d56c10195fcba8c30bfc5a5b53_b39d3c5a7b15e7377ee1787ea8d94509.jpg,A Clan of Two,https://displate.com/displate/6814695,LE,139,35
3989646,2020-11-19,https://static.displate.com/560x784/limited/2020-11-04/433b8a7825f85781a7587396fa6c93d1_984925d1f7618035c5da2ad81fd1467c.jpg,To Remake a Soul,https://displate.com/limited-edition/displate/3989646,200,VaatiVidya,https://displate.com/vaatividya,https://static.displate.com/280x392/displate/2020-11-16/3cb40cc35978ac6ec5a8b9c7a1734f49_0eeabcb2c89ee9d35c8264ff076a51ec.jpg,To Remake a Demonic Soul,https://displate.com/displate/4033930,LE,139,36
4040690,2020-11-26,https://static.displate.com/560x784/limited/2020-11-18/73ffcd5c1521894ce98afbf9bad9f729_223d67666f3b20677120d83b7cbe3293.jpg,Catwoman On The Prowl,https://displate.com/limited-edition/displate/4040690,200,DC Comics,https://displate.com/licensed/dc-comics,https://static.displate.com/280x392/displate/2019-02-01/8322dfd4614a895b807f3661b51d02b1_4f6c6f92d14fa92ed2260dda3b95a8d3.jpg,Catwoman,https://displate.com/displate/837560,LE,139,37
4073136,2020-12-03,https://static.displate.com/560x784/limited/2020-11-24/049a1f1d50f2688edc09dc93160866bb_3efe72e5c601813b51f8c7dc340a57cb.jpg,The Fabulous Koi Fish,https://displate.com/limited-edition/displate/4073136,200,SpaceFrog Designs,https://displate.com/spacefrogdesigns,https://static.displate.com/280x392/displate/2020-05-27/1b23c41eb09b600b33ec7f9e3ebfdeaf_06838ca8ef6c09ae59355cae7d2ffc22.jpg,Metallic Koi,https://displate.com/displate/2589561,LE,139,38
4119373,2020-12-10,https://static.displate.com/560x784/limited/2020-12-02/a5b2c2ba13b0e622c3ddb2ba6c6c21a0_2ea763a6d08d0ba212eef28e1a365234.jpg,Head Explorer,https://displate.com/limited-edition/displate/4119373,200,Inward,https://displate.com/inward,https://static.displate.com/280x392/displate/2019-12-29/914e1b98d756fdc5b288ea7cb4d7820d_8e1883a6e801e23296e0f9d2f9a56bef.jpg,Think,https://displate.com/displate/1675942,LE,139,39
4153053,2020-12-17,https://static.displate.com/560x784/limited/2020-12-08/b8a645ee3c15ef161e851409f37ac0a5_f245af6b64761d010a3eb55786c776b5.jpg,Meet the Tyger Claws,https://displate.com/limited-edition/displate/4153053,300,Cyberpunk 2077,https://displate.com/licensed/cyberpunk-2077,,,,LE,139,40
4181831,2020-12-24,https://static.displate.com/560x784/limited/2020-12-15/77fd313d726ae25a2d14fb98e7040056_6eae6f59b4fee0cfa296641337a37f1e.jpg,Radiant Wonder Woman,https://displate.com/limited-edition/displate/4181831,200,DC Comics,https://displate.com/licensed/dc-comics,,,,LE,139,41
4209042,2020-12-31,https://static.displate.com/560x784/limited/2020-12-23/89e5d3afbedaba6841391f873122c2f7_d6f76c54719e3d70dffc9430d5d0fa98.jpg,I Will Keep You Safe,https://displate.com/limited-edition/displate/4209042,200,Star Wars,https://displate.com/licensed/star-wars,https://static.displate.com/280x392/displate/2023-08-29/e2e62aabb7b03075a706af5706ead11e_81d8646f792e2de21456cdd8bc87d259.jpg,Mandalorian with the Child,https://displate.com/displate/6832991,LE,139,42
4227125,2021-01-07,https://static.displate.com/560x784/limited/2020-12-29/927bee88f8ea0aa83d215fc2c61c32c8_efa9a341deb09f3db5393c4b44f95a76.jpg,Dragon Attack,https://displate.com/limited-edition/displate/4227125,300,J23 Production,https://displate.com/j23,https://static.displate.com/280x392/displate/2024-02-12/9855ea20bc80b1f5d41119a92e093e4c_bf078661ce9f3f6d2bc3712d47136aeb.jpg,Dragon Attack,https://displate.com/displate/7202674,LE,139,43
4247043,2021-01-14,https://static.displate.com/560x784/limited/2021-01-04/c76c150de4788324b4b8eef7453aed9c_9689a8d8d1fc0e7d8410ab393947dde3.jpg,Missed me?,https://displate.com/limited-edition/displate/4247043,200,Eden Design,https://displate.com/eddie,https://static.displate.com/280x392/displate/2019-11-27/97d889cc331ec632b1583a8b11e4b4ad_e264f8c25f74182cdbcc0befaef798c1.jpg,My Turn,https://displate.com/displate/1508611,LE,139,44
4284028,2021-01-21,https://static.displate.com/560x784/limited/2021-01-13/f2cabd7d78695e92c559957ea02426fc_24aa37a3973d4e3d7022aae32aa9ab29.jpg,Astronaut Out,https://displate.com/limited-edition/displate/4284028,200,Mr Jackpots,https://displate.com/mrjackpots,,,,LE,139,45
4303905,2021-01-28,https://static.displate.com/560x784/limited/2021-01-19/f39a5fa05434ef1064c67eb8262714a2_b6bb42bd5022822f0cf146d71fef298a.jpg,Gate to elsewhere,https://displate.com/limited-edition/displate/4303905,200,Inward,https://displate.com/inward,https://static.displate.com/280x392/displate/2019-11-06/f0617c538893dcf5cbd6b496e4365183_15a8c3452d5de552c629da48854eacd3.jpg,Teleportation Service,https://displate.com/displate/1429720,LE,139,46
4333009,2021-02-04,https://static.displate.com/560x784/limited/2021-01-26/37aaea2d7eaf47b31f2434559a13c953_a8c582bca527962991480796ff0703e3.jpg,Hitman,https://displate.com/limited-edition/displate/4333009,200,Hitman,https://displate.com/licensed/hitman,https://static.displate.com/280x392/displate/2020-11-25/86b8ce85bac8dea1cede64f8ae7e3dae_81edae72136714ff6328701b67b0a3b0.jpg,HITMAN 3,https://displate.com/displate/4080481,LE,139,47
4356782,2021-02-11,https://static.displate.com/560x784/limited/2021-02-02/bb312feb407981baf739b20dd3c51c4a_5cb0d57f7715afe30b0d0027e019ec77.jpg,Mask of the Samurai,https://displate.com/limited-edition/displate/4356782,200,Alberto Perez,https://displate.com/albertocubatas,https://static.displate.com/280x392/displate/2017-03-28/1490731078_ee42f953c602ed7e44ddc318f6cb8b88.jpg,Samurai mask,https://displate.com/displate/276007,LE,139,48
4376806,2021-02-18,https://static.displate.com/560x784/limited/2021-02-09/161685f14c11bd01d2e0b036ef167003_31ff32dab24da94765bbefbf34e5138d.jpg,The Moon Tarot Card,https://displate.com/limited-edition/displate/4376806,200,Woo Hoo,https://displate.com/woohoo,https://static.displate.com/280x392/displate/2023-08-02/aaa4c2fd799d59f4ade0b10a0c2ce154_fa1d31ec58e967029a972b20093ad6f9.jpg,Tarot Card THE MOON,https://displate.com/displate/6784338,LE,139,49
4395752,2021-02-25,https://static.displate.com/560x784/limited/2021-02-16/38ada3b4aedb4ed010edab0966db42c4_30bbc53d7ca5f0789fecbe012f2c8971.jpg,A Galactic Graveyard,https://displate.com/limited-edition/displate/4395752,200,NASA,https://displate.com/licensed/inspired-by-nasa,https://static.displate.com/280x392/displate/2020-11-09/958b4ef4c76d43c018660149d715543f_4d4ce987e8770b6f1aaccdefceac4056.jpg,Galactic Graveyard,https://displate.com/displate/4010770,LE,139,50
4418571,2021-03-04,https://static.displate.com/560x784/limited/2021-02-23/366db4df6c27d708e6ab0591f0f2f47b_e02a81cc42a2552d6bc105bc9d49207e.jpg,Miles Morales,https://displate.com/limited-edition/displate/4418571,300,Marvel,https://displate.com/licensed/marvel,https://static.displate.com/280x392/displate/2023-08-25/285514065b5d7a7226aa650b44c1998b_a1cefa1098bccd7c2fa078de3800b5d5.jpg,Miles Morales,https://displate.com/displate/6825655,LE,139,51
4439252,2021-03-11,https://static.displate.com/560x784/limited/2021-03-02/2cadb9e35027ed4521c6fc320c61247a_02f3eca6375acbda6f52f8849b5fb42f.jpg,Brothers in Arms,https://displate.com/limited-edition/displate/4439252,200,Darksiders,https://displate.com/licensed/darksiders,https://static.displate.com/392x280/displate/2019-11-27/082e818d2de363389c4043910c41d1d7_36cf7cc5e144353fad54872e28ccb2bb.jpg,War and Strife,https://displate.com/displate/1507699,LE,139,52
4464767,2021-03-18,https://static.displate.com/560x784/limited/2021-03-15/8f4efc8607718fede55e01a8339eb585_7b9e3126ba15b96ffcc1556f8eeb1843.jpg,The Bounty Hunter,https://displate.com/limited-edition/displate/4464767,500,Star Wars,https://displate.com/licensed/star-wars,https://static.displate.com/280x392/displate/2023-08-21/e13c615c5ff5a09a78ade477812ada0e_05cd296ffb1e7878afdfddcffaa49799.jpg,Boba Graffiti Helmet,https://displate.com/displate/6814589,LE,139,53
4489153,2021-03-25,https://static.displate.com/560x784/limited/2021-03-16/82780a4c3d6070a275209dd278d718f9_4d68bfd99a8b827d03ccf77e9bafd732.jpg,Sushi Dragon Attack!,https://displate.com/limited-edition/displate/4489153,200,Ilustrata,https://displate.com/ilustrata,https://static.displate.com/280x392/displate/2019-09-11/ff548cbf2cec431e885d19a79dfceb3d_2ba85d748d87331e9a75b8968f621c78.jpg,GREAT SUSHI DRAGON,https://displate.com/displate/1288814,LE,139,54
4511091,2021-04-01,https://static.displate.com/560x784/limited/2021-03-23/7a85f901c23498511715eae548de99be_f30832bc67f70fef3447b8aac761fe59.jpg,Frail beauty,https://displate.com/limited-edition/displate/4511091,200,Anato Finnstark,https://displate.com/anatofinnstark,https://static.displate.com/392x280/displate/2020-10-07/47b1dfd6b4f5292c768c728b5e0d7e3f_4a465359cb95899af007ce6997dbd199.jpg,So frail,https://displate.com/displate/3892218,LE,139,55
4531608,2021-04-08,https://static.displate.com/560x784/limited/2021-03-30/eebf2416e77d70afbbedc6e1cf9cf9a1_b01355ddb880a1ea457b64d0e5e23f52.jpg,Face the Wolf,https://displate.com/limited-edition/displate/4531608,300,Animal Planet,https://displate.com/licensed/animal-planet,https://static.displate.com/280x392/displate/2020-11-27/95b535af040897a5ed2b1d14a2eebe96_dff0e90ca7fce04228d1febd9940f083.jpg,Golden Wolf,https://displate.com/displate/4091636,LE,139,56
4549905,2021-04-15,https://static.displate.com/560x784/limited/2021-04-07/e9ba06f2bc2b0d4607b62198328b0dd4_d11d00ab8d9d0b873d47637fbff10a87.jpg,Call me Firewalker,https://displate.com/limited-edition/displate/4549905,300,Disco Elysium,https://displate.com/licensed/disco-elysium,https://static.displate.com/280x392/displate/2021-03-19/e984377a179c10aaffa16d1f856de1d6_d19d99f451634eef5afd8f26d129628f.jpg,Firewalker,https://displate.com/displate/4499047,LE,139,57
4570400,2021-04-22,https://static.displate.com/560x784/limited/2021-04-13/2b600a5fa84faa4977ef9a92aab1fa8f_0d869c388729d9047bd66225475c9784.jpg,Night hunt,https://displate.com/limited-edition/displate/4570400,500,Hitman,https://displate.com/licensed/hitman,https://static.displate.com/280x392/displate/2021-09-27/1273dd2b8a8f69fb05ce79de10ff2a26_5afb49610855081a622540de6e0b3d8b.jpg,Chongqing Hitman,https://displate.com/displate/5036281,LE,139,58
4591243,2021-04-29,https://static.displate.com/560x784/limited/2021-04-21/53cae2cc2b9c33943ccc70aa05d69dfe_2a168660e0951c91cbed91db4d258008.jpg,Tiger Dreams,https://displate.com/limited-edition/displate/4591243,500,Jonna Hyttinen,https://displate.com/scandygirl,https://static.displate.com/280x392/displate/2019-03-24/a685958493ba6358987a736d97a28918_acea41dc0f3212f01bc1c6e9b728080c.jpg,In The Darkness Tiger,https://displate.com/displate/924777,LE,139,59
4611259,2021-05-06,https://static.displate.com/560x784/limited/2021-04-28/73aaa02aac66d85d1de746e9c5417207_6d6712d96138f3978c5050f9f3c9efae.jpg,The Sun Tarot Card,https://displate.com/limited-edition/displate/4611259,300,Woo Hoo,https://displate.com/woohoo,https://static.displate.com/280x392/displate/2023-08-02/36c8f690d9739085ae71dfe8483d7872_ad82f60b0772b83a39944e5e519f41ef.jpg,Tarot Card THE SUN,https://displate.com/displate/6784336,LE,139,60
4634404,2021-05-13,https://static.displate.com/560x784/limited/2021-05-05/a3eb94e1d7721a7f041cbb04530d00be_44e1225e335355ef18a78dcc56a77cb0.jpg,Power Armor Helmet,https://displate.com/limited-edition/displate/4634404,500,Fallout,https://displate.com/licensed/fallout,https://static.displate.com/280x392/displate/2023-09-28/df9413b389839db065fd89b0764e6419_8ece49a1088281d7a00b178631015251.jpg,Power Armor Helmet,https://displate.com/displate/6898028,LE,139,61
4662130,2021-05-20,https://static.displate.com/560x784/limited/2021-05-12/b0051df4c3143d6242341db1866d7b95_b68db50eb1d42e6f1f95b0a92a9c01bb.jpg,Torii Tranquility,https://displate.com/limited-edition/displate/4662130,500,Ruby Art,https://displate.com/rubyart,https://static.displate.com/280x392/displate/2019-08-27/2893d664862370a82fe949c607646120_3b918e670158cb3101bd7ac5bb7251d9.jpg,Japan Blue Collection Tori,https://displate.com/displate/1245680,LE,139,62
4690241,2021-05-27,https://static.displate.com/560x784/limited/2021-05-19/0431b820658ba60b6a49097a7dd1fef8_36d9b97d0f0b2f9b86cdc6535f59e431.jpg,Dark Meditation,https://displate.com/limited-edition/displate/4690241,300,Anato Finnstark,https://displate.com/anatofinnstark,,,,LE,139,63
4713436,2021-06-03,https://static.displate.com/560x784/limited/2021-05-26/effb49c585705d8547df902f35d1e2a2_224912057cd8963ff2f7400ae467c897.jpg,The Dragonborn Comes,https://displate.com/limited-edition/displate/4713436,500,The Elder Scrolls,https://displate.com/licensed/the-elder-scrolls,https://static.displate.com/392x280/displate/2021-04-14/6979beeca8abec82e8c7a3e10bca41f3_b626f680312af2f51510ebd5680552a6.jpg,Dawnguard,https://displate.com/displate/4572239,LE,139,64
4734406,2021-06-10,https://static.displate.com/560x784/limited/2021-06-02/ef4cb9f3e98861594eb1c04b4b1a444a_31f58840570ce73c5f8d90d36795ac92.jpg,Spirit of the Forest,https://displate.com/limited-edition/displate/4734406,500,Jonna Hyttinen,https://displate.com/scandygirl,,,,LE,139,65
4755849,2021-06-17,https://static.displate.com/560x784/limited/2021-06-09/9b588cc76d216c78e0da056bf06b071f_6cc09bd0de4781b0f85eecf3e1cf238c.jpg,Yin & Yang In Balance,https://displate.com/limited-edition/displate/4755849,1000,Ruby Art,https://displate.com/rubyart,https://static.displate.com/280x392/displate/2017-12-30/be549bfd8b53c7808dd0f96863dbe278_6aab63e75629e4495ab4c72bf3237486.jpg,Koi Fish Yin Yang RubyArt,https://displate.com/displate/466480,LE,139,66
4780952,2021-06-24,https://static.displate.com/560x784/limited/2021-06-16/cc0681cb2ee663b4ea0e7b5cf6e11aef_b701449456be78a7e8ffa9cd4d639729.jpg,Dragon Slayer,https://displate.com/limited-edition/displate/4780952,1000,J23 Production,https://displate.com/j23,,,,LE,139,67
4805416,2021-07-01,https://static.displate.com/560x784/limited/2021-06-23/6f81c59873b1dd0ee22785bb38d4f425_49f8655ccb22dfa56eb384e10474c8cf.jpg,New Hope (1 of 3),https://displate.com/limited-edition/displate/4805416,1000,Star Wars,https://displate.com/licensed/star-wars,,,,LE,139,68
4825368,2021-07-08,https://static.displate.com/560x784/limited/2021-06-30/d77b2714025ad15e3e5f3ae87fdc9915_cf62ac468b9f0ad1a4673a169c5d81f0.jpg,Black Widow Poster,https://displate.com/limited-edition/displate/4825368,1000,Marvel,https://displate.com/licensed/marvel,,,,LE,139,69
4848333,2021-07-15,https://static.displate.com/560x784/limited/2021-07-07/c581ad5bf6c1c1a4c03b64865de3e55f_95575198b46c8f4b5238fd82f347514f.jpg,Facing Oblivion,https://displate.com/limited-edition/displate/4848333,700,Benny Productions,https://displate.com/bennyproductions,https://static.displate.com/280x392/displate/2020-07-23/4849180cc375cf3a6c4905594d78cf72_a4f4ea92277079bf9ec1789ec9826316.jpg,Oblivion,https://displate.com/displate/3309955,LE,139,70
4863616,2021-07-22,https://static.displate.com/560x784/limited/2021-07-14/54639ba90ae6895672a34d6e7c03ad12_f333e66ba6548fd4e768bdc542d41a64.jpg,Ghostly Geisha,https://displate.com/limited-edition/displate/4863616,700,Kitsune Yumiko,https://displate.com/kitsune,https://static.displate.com/280x392/displate/2023-08-01/b06d59bb37519c8116c69406b495273a_8d713732c5d06b157ac07295b1f9900e.jpg,Ghostly Geisha,https://displate.com/displate/6782563,LE,139,71
4878959,2021-07-29,https://static.displate.com/560x784/limited/2021-07-21/a7e2c51d59f746982ba79da1d9c4b8c8_5585f691a2d485ebe1b6e25a9aaec26e.jpg,The Star Tarot Card,https://displate.com/limited-edition/displate/4878959,700,Woo Hoo,https://displate.com/woohoo,https://static.displate.com/280x392/displate/2023-08-02/795f1475a9e96f36ea2e4b1db2f61b4c_fa1d31ec58e967029a972b20093ad6f9.jpg,Tarot Card THE STAR,https://displate.com/displate/6784339,LE,139,72
4805465,2021-08-05,https://static.displate.com/560x784/limited/2021-06-23/4f9966e3edfd12de1793582ee7c3ca44_e81eed5ada9799b1c093af573b0e2cad.jpg,The Empire (2 of 3),https://displate.com/limited-edition/displate/4805465,1000,Star Wars,https://displate.com/licensed/star-wars,,,,LE,139,73
4909641,2021-08-12,https://static.displate.com/560x784/limited/2021-08-04/29e8a8ca13e3b0c2b079fa8b8c5b39ee_9ed16ae05336d6f5edf55f8fa7dafedf.jpg,Mount Fuji,https://displate.com/limited-edition/displate/4909641,1000,Ruby Art,https://displate.com/rubyart,https://static.displate.com/280x392/displate/2021-08-12/307377749118ef6e9ac5f6974b5bffa8_53faecfafa73e96b266013f90bb8e1ec.jpg,Mount Fuji,https://displate.com/displate/4926514,LE,139,74
4925462,2021-08-19,https://static.displate.com/560x784/limited/2021-08-11/afe22ee65737ad01d4028579bea877b3_2636a7b7e75bd8dcb6884d32cbf6363a.jpg,Thomas Shelby,https://displate.com/limited-edition/displate/4925462,500,Peaky Blinders,https://displate.com/licensed/peaky-blinders,https://static.displate.com/280x392/displate/2020-06-03/9d963b75ec33c286d327718135820445_aababe6c18209180da3ef74e53e54926.jpg,Thomas Shelby,https://displate.com/displate/2662962,LE,139,75
4942856,2021-08-26,https://static.displate.com/560x784/limited/2021-08-18/1a418b55d3f29968c92beb3c34fc941a_9d48486556967e3353b5e0d11629d2de.jpg,Trial By Fire,https://displate.com/limited-edition/displate/4942856,1000,Eden Design,https://displate.com/eddie,,,,LE,139,76
4805389,2021-09-02,https://static.displate.com/560x784/limited/2021-06-23/145723f09902868baba1e38aac005c63_a645775f9dacadd577232180b7d681fe.jpg,The Jedi (3 of 3),https://displate.com/limited-edition/displate/4805389,1000,Star Wars,https://displate.com/licensed/star-wars,,,,LE,139,77
4974008,2021-09-09,https://static.displate.com/560x784/limited/2021-09-01/52c3ffa9b158f16a590eb5758d2ea19f_558063e6d69c16bcd06001f211453d73.jpg,Venom Strikes (1 of 3),https://displate.com/limited-edition/displate/4974008,1000,Marvel,https://displate.com/licensed/marvel,,,,LE,139,78
4991931,2021-09-16,https://static.displate.com/560x784/limited/2021-09-08/a8723a95a8ebe592f70be4fa9720bf33_79376a7c882dc5ac72b2f1c2af386549.jpg,Kitsune (1 of 3),https://displate.com/limited-edition/displate/4991931,1000,Jonna Hyttinen,https://displate.com/scandygirl,https://static.displate.com/280x392/displate/2021-02-07/962dbfe61c0983ad1baf7a76f19db0e8_dd2f91112eeebc13a9c528f0499c48db.jpg,Kitsune,https://displate.com/displate/4370534,LE,139,79
5009350,2021-09-23,https://static.displate.com/560x784/limited/2021-09-15/281cc2fb34f534b4427a4e0bf842fa14_5f993210c4bb9da0c4e053d30034027f.jpg,Gotham On Fire,https://displate.com/limited-edition/displate/5009350,1000,DC Comics,https://displate.com/licensed/dc-comics,,,,LE,139,80
5026103,2021-09-30,https://static.displate.com/560x784/limited/2021-09-22/665915284ad88b4ba03775095d95e623_6ec34517b0c27b5f08636fa44f599fbe.jpg,Witcher on the Hunt,https://displate.com/limited-edition/displate/5026103,1500,Witcher 3,https://displate.com/licensed/witcher-3,https://static.displate.com/280x392/displate/2023-09-05/4499b04c9610aaf698d83f76ed155e61_10770da6b53e3efcd2c0aefb05946a18.jpg,Witcher on the Hunt,https://displate.com/displate/6845977,LE,139,81
5042861,2021-10-07,https://static.displate.com/560x784/limited/2021-09-29/d94f3d484311400db7318069753bd4dc_625a180c53064a1827c942ae75e33b46.jpg,Visions of Lord Vader™,https://displate.com/limited-edition/displate/5042861,1500,Star Wars,https://displate.com/licensed/star-wars,https://static.displate.com/280x392/displate/2021-10-25/e34d7edfa00ff6f844519ac790deea99_3fe4ea023be1959e794d7c4fc6bc37a1.jpg,Darth Vader,https://displate.com/displate/5106043,LE,139,82
4974109,2021-10-14,https://static.displate.com/560x784/limited/2021-09-01/e2e46a517c8399ed0ea21aa25c539c94_b673c61ad950e08355e298b4ef785cf8.jpg,Loki Rules (2 of 3),https://displate.com/limited-edition/displate/4974109,1000,Marvel,https://displate.com/licensed/marvel,,,,LE,139,83
4992003,2021-10-21,https://static.displate.com/560x784/limited/2021-09-08/212f9461020ee803d921d99ba2803041_d7229ab28f4e8df7023829320105cb69.jpg,Jörmungandr (2 of 3),https://displate.com/limited-edition/displate/4992003,1000,Jonna Hyttinen,https://displate.com/scandygirl,https://static.displate.com/280x392/displate/2020-12-07/e40e36ba58008f1a6fb408aa0128eaae_19e9b13a786b236da2b8894493d71d01.jpg,"Jormungandr ",https://displate.com/displate/4145197,LE,139,84
5098826,2021-10-28,https://static.displate.com/560x784/limited/2021-10-21/dce020874b43f546ac2f159237deca41_8bb081c40c9ee24128d38d0ec1055d23.jpg,Nuka-Cola Quantum,https://displate.com/limited-edition/displate/5098826,1000,Fallout,https://displate.com/licensed/fallout,,,,LE,139,85
5112208,2021-11-04,https://static.displate.com/560x784/limited/2021-10-27/8f1dcc6d347198715c31a909ef219332_9142ca7e44a916a3eba9e7f75e2dc494.jpg,The World Tarot Card,https://displate.com/limited-edition/displate/5112208,1000,Woo Hoo,https://displate.com/woohoo,https://static.displate.com/280x392/displate/2023-08-02/6c8d61431a2929bac32d2b09d82e7792_ad82f60b0772b83a39944e5e519f41ef.jpg,Tarot Card THE WORLD,https://displate.com/displate/6784337,LE,139,86
4974133,2021-11-11,https://static.displate.com/560x784/limited/2021-09-01/fbd549266dc9538e578531b7fff22b7b_595a76bae7bc29030f33bbd0b031523d.jpg,Deadpool Wins (3 of 3),https://displate.com/limited-edition/displate/4974133,1000,Marvel,https://displate.com/licensed/marvel,,,,LE,139,87
5144160,2021-11-18,https://static.displate.com/560x784/limited/2021-11-16/ef20a420cf5ac0d61a240f34821b963a_ef21cc5917ae7241a91a692e8b84c1cb.jpg,Alduin the World Eater,https://displate.com/limited-edition/displate/5144160,1000,The Elder Scrolls,https://displate.com/licensed/the-elder-scrolls,,,,LE,139,88
4992065,2021-11-25,https://static.displate.com/560x784/limited/2021-09-08/ed84b0511b7e5de797daa2d25f416582_8094e4f796efc2e898130c3f14324d43.jpg,The Phoenix (3 of 3),https://displate.com/limited-edition/displate/4992065,1000,Jonna Hyttinen,https://displate.com/scandygirl,,,,LE,139,89
5190171,2021-12-02,https://static.displate.com/560x784/limited/2021-11-24/c72bae23440c9491fb7c65bbfd07f7d0_a2f0c9f947245ee54c72bf8275ca5218.jpg,A Knight and his Wolf,https://displate.com/limited-edition/displate/5190171,1000,Eden Design,https://displate.com/eddie,,,,LE,139,90
5210138,2021-12-09,https://static.displate.com/560x784/limited/2021-12-01/229962c2f97c86fe2b5cda3a0c67b8ff_b17ddf2edea4b6368fabffa2790f93a7.jpg,Ghostly Samurai,https://displate.com/limited-edition/displate/5210138,1000,Kitsune Yumiko,https://displate.com/kitsune,https://static.displate.com/280x392/displate/2023-08-01/3ed9a070d4799dd83912010cc5926cbf_e0b697f1b89b38e9d44664186ddbcf11.jpg,Ghostly Samurai,https://displate.com/displate/6782571,LE,139,91
5225550,2021-12-16,https://static.displate.com/560x784/limited/2021-12-08/444e88859dd975a23b994f82fafb2576_7cc71605fc70cf58283e69e170fa3cfc.jpg,Spirit of the Sea,https://displate.com/limited-edition/displate/5225550,1000,Jonna Hyttinen,https://displate.com/scandygirl,https://static.displate.com/280x392/displate/2023-04-29/c3b2f0e6357a9b012282cf12d793a426_4fd774c7756485f495640ede47e7635f.jpg,Water octopus,https://displate.com/displate/6517346,LE,139,92
5241937,2021-12-23,https://static.displate.com/560x784/limited/2021-12-15/22f11ab6c7f4f22726b71395d46ae4b1_fde5f476b56433a39b2bb22f08e12089.jpg,Tokyo Skyline,https://displate.com/limited-edition/displate/5241937,700,Studio 324,https://displate.com/studio324,https://static.displate.com/280x392/displate/2019-08-29/c22db7474f638852c7e3054dd098801b_3da0b928660afb3f7678d10b8f075173.jpg,Visiting Tokyo,https://displate.com/displate/1250715,LE,139,93
5254832,2021-12-30,https://static.displate.com/560x784/limited/2021-12-22/4f8fcd02603410f5efad262aed7a9387_673f6bb359aa31dc0aeea15dd752a684.jpg,Eivor Rising,https://displate.com/limited-edition/displate/5254832,700,Assassin's Creed,https://displate.com/licensed/assassins-creed,https://static.displate.com/280x392/displate/2022-01-21/f31acd5009f9aa66876e6a95c29dbd6c_8b178442a02c6ce4a341af7324076ec3.jpg,Eivor Rising,https://displate.com/displate/5309355,LE,139,94
5264365,2022-01-06,https://static.displate.com/560x784/limited/2021-12-28/f1f83ef526474eea458411f81cd7aa21_92df4f61e9b96265a61cf3895032526f.jpg,Marvel's Spider-Man,https://displate.com/limited-edition/displate/5264365,1500,Marvel,https://displate.com/licensed/marvel,https://static.displate.com/280x392/displate/2023-08-25/5e50f56900b290e23c8f817d8c5ca439_851efe908691709ec6ea2cdc032cdbe5.jpg,Marvel's Spider-Man,https://displate.com/displate/6825666,LE,139,95
5277967,2022-01-13,https://static.displate.com/560x784/limited/2022-01-05/b9dc1206c5404d43634ee1ba37c9ba0c_a5b0d65fb5ff7e0334e061268370d967.jpg,Shattered (1 of 3),https://displate.com/limited-edition/displate/5277967,1000,Tobias Roetsch,https://displate.com/taenaron,https://static.displate.com/280x392/displate/2022-04-19/e0266ee54edb937d0377b5fcef3cbff4_f6234b50aa85202dde0b1b606dd172b7.jpg,Shattered,https://displate.com/displate/5458379,LE,139,96
5290841,2022-01-20,https://static.displate.com/560x784/limited/2022-01-12/9caf501204811db029ca8497d8482370_91ea7061f762d90f293e8d34ab7c208d.jpg,Ghostly Ninja,https://displate.com/limited-edition/displate/5290841,1500,Kitsune Yumiko,https://displate.com/kitsune,https://static.displate.com/280x392/displate/2023-08-01/6e646ccc28c15d92a3382659c92e65f8_7b5cb09ab1aa288954e74818c1e8932e.jpg,Ghostly Ninja,https://displate.com/displate/6782568,LE,139,97
5305105,2022-01-27,https://static.displate.com/560x784/limited/2022-01-19/dee06abd4246e76ce2a1c40bc4861e6a_e0bd1add53c16db75d0d05facf90379e.jpg,Pouncing Tiger,https://displate.com/limited-edition/displate/5305105,1500,Woo Hoo,https://displate.com/woohoo,https://static.displate.com/280x392/displate/2023-08-02/fb0e5dc292bffb9ba2208c1786989448_3e1582644f57a23ad5dab35c1e156cf0.jpg,Pouncing Tiger,https://displate.com/displate/6784344,LE,139,98
5318270,2022-02-03,https://static.displate.com/560x784/limited/2022-01-26/5e7c8f1a1b411475552ecdd739a33333_2dcb3f0e290e719dbff77e187d36b793.jpg,The Book of Boba Fett,https://displate.com/limited-edition/displate/5318270,1500,Star Wars,https://displate.com/licensed/star-wars,,,,LE,139,99
5328572,2022-02-10,https://static.displate.com/560x784/limited/2022-02-02/509699b24fde38b84b04bd3244540e84_74e3549ead39450ce81fa3318082f794.jpg,The Blast (2 of 3),https://displate.com/limited-edition/displate/5328572,1000,Tobias Roetsch,https://displate.com/taenaron,https://static.displate.com/280x392/displate/2022-04-19/457d81283a474faa26e29d4cdd7584a7_37564bb361ed1d83a4cb0e1007055674.jpg,The Blast,https://displate.com/displate/5458377,LE,139,100
5340677,2022-02-17,https://static.displate.com/560x784/limited/2022-02-09/2ba3d7efe02cd5fe3533066b63f1dac3_d26342fb98961c9296651af69919aa22.jpg,Spirit of Fire,https://displate.com/limited-edition/displate/5340677,1000,Jonna Hyttinen,https://displate.com/scandygirl,https://static.displate.com/280x392/displate/2021-11-19/7dc2bb521964cc6d61e7185819feecb4_9fce9fe1241262f2e3c66a1a380b193c.jpg,Zhuque,https://displate.com/displate/5172019,LE,139,101
5352811,2022-02-24,https://static.displate.com/560x784/limited/2022-02-16/e62ffb7d40ac89d5d4bfd4e0b8e4a0db_46fc2c600eb2ab7a2cdbbf096b8c6685.jpg,DOOM Has Arrived,https://displate.com/limited-edition/displate/5352811,1500,DOOM,https://displate.com/licensed/doom,https://static.displate.com/280x392/displate/2023-10-13/c1c161b8de8f5046dff61c928c525c13_da611fa242e578e69cc20b4f75171c0d.jpg,DOOM has arrived,https://displate.com/displate/6933182,LE,139,102
5365047,2022-03-03,https://static.displate.com/560x784/limited/2022-03-01/503c6b7438fb4e35db678010fa13c02c_d837b749117c06663fb035f0f9429f4f.jpg,Enemies of Gotham,https://displate.com/limited-edition/displate/5365047,1500,DC Comics,https://displate.com/licensed/dc-comics,https://static.displate.com/280x392/displate/2021-06-24/5ecf9dbb87b41ced1e83ebefb97e394c_77e5eabb8252cf6579f26938f5b26b38.jpg,Batman,https://displate.com/displate/4808961,LE,139,103
5377710,2022-03-10,https://static.displate.com/560x784/limited/2022-03-02/ac0e987daefa678b8670d494ca6080f0_4cb698ae3cac70b84b5560dcc7a91a88.jpg,The Swallow (1 of 3),https://displate.com/limited-edition/displate/5377710,1000,The Witcher Series,https://displate.com/licensed/the-witcher-series,,,,LE,139,104
5389905,2022-03-17,https://static.displate.com/560x784/limited/2022-03-09/e17443b728b722acf4ff5fe0a12ae6fc_37d28d5e1e18b8974c58ff5c1c417a96.jpg,The Breach (3 of 3),https://displate.com/limited-edition/displate/5389905,1000,Tobias Roetsch,https://displate.com/taenaron,https://static.displate.com/280x392/displate/2022-04-19/6431855872782f4af6fae2633530ddee_268dfe8ef48e117941d0f298a1cdddf2.jpg,The Breach,https://displate.com/displate/5458378,LE,139,105
5391476,2022-03-24,https://static.displate.com/560x784/limited/2022-03-16/b76a9ca59f6d7e8b5f3a7cfc98bd71e3_30f2c5eb18fb5e0eaec4444a51054afe.jpg,Moonlight Assassin,https://displate.com/limited-edition/displate/5391476,1000,Icosphere,https://displate.com/icosphere,,,,LE,139,106
5404116,2022-03-31,https://static.displate.com/560x784/limited/2022-03-23/f7229a22a051eb126b45af839fd22f33_b7edf232eab1791b72403d59d171f420.jpg,The Dreamwatcher,https://displate.com/limited-edition/displate/5404116,1000,Danielle English,https://displate.com/kanizoart,https://static.displate.com/280x392/displate/2021-09-03/b5c8f4d92263580a828dc7ee64998e8f_511ccd355d9e93926b0caec6ed9bc405.jpg,Light of the Dark,https://displate.com/displate/4981223,LE,139,107
5409162,2022-04-01,https://static.displate.com/560x784/limited/2022-04-01/998ba4259cfecf8892c38b6ec559b194_ea9074d6deb523f78a87e6ecf33a4fc9.jpg,Stand with Ukraine,https://displate.com/limited-edition/displate/5409162,2022,Stanislav Lunin,https://displate.com/stanislavlunin,https://static.displate.com/280x392/displate/2022-08-25/4f318914d92b90b8a0121a6fc1cb6c5f_159470515d7395e483f97072c5a10af6.jpg,Welcome to free Ukraine,https://displate.com/displate/5758132,LE,139,108
5409166,2022-04-07,https://static.displate.com/560x784/limited/2022-03-30/db4660a499f56e46bad6c21fb074f8dd_630047ed0fe8ba88ae6e149eda5b6688.jpg,The Wolf (2 of 3),https://displate.com/limited-edition/displate/5409166,1000,The Witcher Series,https://displate.com/licensed/the-witcher-series,,,,LE,139,109
5409167,2022-04-14,https://static.displate.com/560x784/limited/2022-04-06/074dee7cabab74fbbe750d834c65393e_66746507071eda1b6224ed267ba8440b.jpg,Run! Gamma Ray Ghouls!,https://displate.com/limited-edition/displate/5409167,700,NASA,https://displate.com/licensed/inspired-by-nasa,https://static.displate.com/280x392/displate/2020-11-09/c76fc0d586b562966b7a9eb48d71c5cb_b99d06e50b065e6af5a4628355f00ba4.jpg,Gamma Ray Ghouls,https://displate.com/displate/4010785,LE,139,110
5404117,2022-04-21,https://static.displate.com/560x784/limited/2022-04-13/362161d0ae6af5c3065b276d33d96e5a_50f33dcad9bcbbe05ffb51ae00805eb5.jpg,A Knight In Flames,https://displate.com/limited-edition/displate/5404117,1000,Dominik Mayer,https://displate.com/dominikmayer,,,,LE,139,111
5445065,2022-04-28,https://static.displate.com/560x784/limited/2022-04-20/54e80d2f83efc9201ecbef955aea98fa_6d07bc50cc11d4912164e48bf3314cbb.jpg,Dragon of the North,https://displate.com/limited-edition/displate/5445065,1000,Stefan Koidl,https://displate.com/koidl,https://static.displate.com/280x392/displate/2022-05-17/b0fd162278865082582840349e1a0a88_f56047ddd0879d209aa9544a76ce67ef.jpg,Dragon of the North,https://displate.com/displate/5507391,LE,139,112
5404124,2022-05-05,https://static.displate.com/560x784/limited/2022-04-27/52825179716d622ccb69b3b471ead250_75e4abb7aa2c38e7e611831e81b949f8.jpg,The Phantom Menace,https://displate.com/limited-edition/displate/5404124,1000,Star Wars,https://displate.com/licensed/star-wars,,,,LE,139,113
5447039,2022-05-12,https://static.displate.com/560x784/limited/2022-05-04/c4cbd73c02875d5bb7dc06cdaf5cca59_a5e0fde99c64af873b912435ac8d0dae.jpg,The Forbidden Temple,https://displate.com/limited-edition/displate/5447039,1500,Icosphere,https://displate.com/icosphere,,,,LE,139,114
5472859,2022-05-19,https://static.displate.com/560x784/limited/2022-05-11/39c00a0936f25be2853732ef6fe78818_e9c97c7f09a042135ed83bd7dd15c015.jpg,Champion de France,https://displate.com/limited-edition/displate/5472859,700,Paris Saint-Germain,https://displate.com/licensed/paris-saintgermain,,,,LE,139,115
5447031,2022-05-26,https://static.displate.com/560x784/limited/2022-05-17/b4cf9c24a544b9f9a01b28b1a69c456c_ef9daf392d918782015699550bf6922d.jpg,The Sorceress (3 of 3),https://displate.com/limited-edition/displate/5447031,1000,The Witcher Series,https://displate.com/licensed/the-witcher-series,,,,LE,139,116
5472936,2022-06-02,https://static.displate.com/560x784/limited/2022-05-25/40d310415563f45f61a9a1535312e598_37401705c179b6070db248b5f45543a8.jpg,Dragon Cave,https://displate.com/limited-edition/displate/5472936,1000,Stefan Koidl,https://displate.com/koidl,,,,LE,139,117
5495542,2022-06-09,https://static.displate.com/560x784/limited/2022-06-01/b6fd07d4ce5252fd622393bf472f08fc_6356668cce798bf8900ed22a84d6067c.jpg,New York Skyline,https://displate.com/limited-edition/displate/5495542,700,Studio 324,https://displate.com/studio324,https://static.displate.com/280x392/displate/2022-07-08/d7bf4b2610cc3c56410b726d9690c4cd_cea91e2e87e43566e710a0781184d59a.jpg,Travel to NYC by Day,https://displate.com/displate/5642610,LE,139,118
5473017,2022-06-16,https://static.displate.com/560x784/limited/2022-06-08/b46041c4179ff596a177eb6d45dc5ac6_49b95230d7ace959551e746503490a75.jpg,Ezio Auditore,https://displate.com/limited-edition/displate/5473017,1000,Assassin's Creed,https://displate.com/licensed/assassins-creed,https://static.displate.com/280x392/displate/2023-09-07/6c1dce34f3612ad310e3dce1f3c3615e_b5bf63e0aef23a574465c7f5c7688973.jpg,Ezio Auditore,https://displate.com/displate/6850690,LE,139,119
5404130,2022-06-23,https://static.displate.com/560x784/limited/2022-06-15/62e0ad39f7e829db3ea1a45daaeaac03_7ecddf6dbe4d9d992d0b94cca5feef7f.jpg,Attack of the Clones,https://displate.com/limited-edition/displate/5404130,1000,Star Wars,https://displate.com/licensed/star-wars,,,,LE,139,120
5473037,2022-06-30,https://static.displate.com/560x784/limited/2022-06-22/fdc993adfc301f4a9f2962766b9fe360_31a024d6ac9dee624cd090428b9c0e1f.jpg,The Upside Down,https://displate.com/limited-edition/displate/5473037,1000,Stranger Things Series,https://displate.com/licensed/stranger-things-series,https://static.displate.com/280x392/displate/2023-09-29/01ab5dc78bd2c7c95b6b8517c92b3b65_37dc97ff00e6cc1516a11af794f21616.jpg,Upside Down,https://displate.com/displate/6900906,LE,139,121
5484716,2022-07-07,https://static.displate.com/560x784/limited/2022-06-30/140f5c3d73f8fbb7438556abaa23e963_0c4d86f9f561eef1e0d38d51edac0469.jpg,Chinese Beauty,https://displate.com/limited-edition/displate/5484716,1000,Kitsune Yumiko,https://displate.com/kitsune,https://static.displate.com/280x392/displate/2023-08-01/b0585c79515225a2111355358b106ba9_9a77fe56444d79185ad3bb36d81077e2.jpg,Chinese Beauty,https://displate.com/displate/6782567,LE,139,122
5473001,2022-07-14,https://static.displate.com/560x784/limited/2022-07-06/f843beba01ee2d5b4d0bb0a1fd34fc58_896f6fc4819b73a0ee7f8c5f771b426b.jpg,T-Rex On The Loose,https://displate.com/limited-edition/displate/5473001,1000,Jurassic World,https://displate.com/licensed/jurassic-world,https://static.displate.com/280x392/displate/2023-08-01/1dd41cc7717102e8ab28cf4131ccf192_9a8dd3b6a795e9ad7cf5fe87182581d2.jpg,T-Rex On The Loose,https://displate.com/displate/6781639,LE,139,123
5404133,2022-07-21,https://static.displate.com/560x784/limited/2022-07-13/4c132d1a67cc426cac479fcda4b7f92a_e977d64a126e6f34fe5a62a255eb179b.jpg,Revenge of the Sith™,https://displate.com/limited-edition/displate/5404133,1000,Star Wars,https://displate.com/licensed/star-wars,,,,LE,139,124
5619334,2022-07-28,https://static.displate.com/560x784/limited/2022-07-20/08e0a25b1ee6646e3b7827d0687ac152_65ea8c4a25bab31cd082005a25bb79ac.jpg,Ragnarok is coming,https://displate.com/limited-edition/displate/5619334,1000,ikaruna,https://displate.com/ikaruna,https://static.displate.com/280x392/displate/2021-11-29/4199788649ffbbc44a2d85efa2873171_dfa3cf09b843262b38fb059c70ec760e.jpg,Ragnarok is coming,https://displate.com/displate/5204649,LE,139,125
5655756,2022-08-04,https://static.displate.com/560x784/limited/2022-07-27/791d21d6cd6129b730e7cc9c53ba6256_bbe29f7a2108aa6fa9f140ad4b6f7146.jpg,Spider-Man In Action!,https://displate.com/limited-edition/displate/5655756,1000,Marvel,https://displate.com/licensed/marvel,,,,LE,139,126
5683373,2022-08-11,https://static.displate.com/560x784/limited/2022-08-03/3739bc4bd4e17ab1b4eab17778ff656d_337b51000a959253e4ae7130dd147642.jpg,The Night Rider,https://displate.com/limited-edition/displate/5683373,1000,Dominik Mayer,https://displate.com/dominikmayer,,,,LE,139,127
5619336,2022-08-18,https://static.displate.com/560x784/limited/2022-08-10/29071179de79dade9cfa09e0558874da_d7ac08bd5f054aff93e814ae944a2896.jpg,Samurai Ascension,https://displate.com/limited-edition/displate/5619336,1500,Icosphere,https://displate.com/icosphere,,,,LE,139,128
5638144,2022-08-25,https://static.displate.com/560x784/limited/2022-08-17/b72524046d5439cde204a4909293c5c2_6c45773ff0c90630967ce4e90fb87bf2.jpg,Xenomorph Queen,https://displate.com/limited-edition/displate/5638144,700,Alien,https://displate.com/licensed/alien,,,,LE,139,129
5638146,2022-09-01,https://static.displate.com/560x784/limited/2022-08-24/9a67a3fc8d8e0224104d63b76555689a_5572b262c10dced453097b43f9375c42.jpg,Clashing Spades,https://displate.com/limited-edition/displate/5638146,1000,Kitsune Yumiko,https://displate.com/kitsune,https://static.displate.com/280x392/displate/2023-08-02/056b5ff04d84d127aab8e8ca8cc64285_4ba21a37fa70e73f3223f74e72dc4b95.jpg,Clashing Spades,https://displate.com/displate/6783535,LE,139,130
5737886,2022-09-06,https://static.displate.com/560x784/limited/2022-09-02/4769f26b36dc870f03c1dc8cea2abc0f_0c50631809532e8c6b762a9c00c10302.jpg,The Watatsumi,https://displate.com/limited-edition/displate/5737886,300,Ruby Art,https://displate.com/rubyart,,,,ULE,289,1
5638147,2022-09-08,https://static.displate.com/560x784/limited/2022-08-31/dc58f8bf8368a70a783860976946829d_1d067751f350c466b12741493a77fd3a.jpg,USS Enterprise,https://displate.com/limited-edition/displate/5638147,1000,Star Trek,https://displate.com/licensed/star-trek,https://static.displate.com/280x392/displate/2022-04-25/c63c2d1e009e9f9acdd3f5eb3432ac81_f6c98cc6dad40787b1176251c6096c35.jpg,USS Enterprise,https://displate.com/displate/5469348,LE,139,131
5760274,2022-09-15,https://static.displate.com/560x784/limited/2022-09-07/703a11f943609c2c4283dd4c8469bad1_ab92f059d5f2c6fe97bb443ddcba2545.jpg,Claimed by the Abyss,https://displate.com/limited-edition/displate/5760274,1000,Nicebleed,https://displate.com/nicebleed,,,,LE,139,132
5553169,2022-09-22,https://static.displate.com/560x784/limited/2022-09-14/d9995d0504a8cf1466d486562081d668_dd90697c364968813b559d59b11ca290.jpg,Destroyer of Worlds,https://displate.com/limited-edition/displate/5553169,700,MokinaArt,https://displate.com/mokinaart,,,,LE,139,133
5710687,2022-09-29,https://static.displate.com/560x784/limited/2022-09-21/d16091a3a22d059230289ed744fa651b_fe82b63b1c6b278b047086d122035e2e.jpg,Street Race,https://displate.com/limited-edition/displate/5710687,700,Purple Eyes,https://displate.com/purpleeyes,,,,LE,139,134
5739805,2022-10-04,https://static.displate.com/560x784/limited/2022-09-30/fbbbb20ddaf3cfedfd43f6f6034bfd96_5b87d2844f670b55f40f1e6d9889566b.jpg,Sun and Moon,https://displate.com/limited-edition/displate/5739805,300,Jonna Hyttinen,https://displate.com/scandygirl,,,,ULE,289,2
5812751,2022-10-06,https://static.displate.com/560x784/limited/2022-09-28/34aa6e8fd93459668259c4df793ed85e_bb28c31d067126e662b7e9b144a1b50b.jpg,Under the Lion’s gaze,https://displate.com/limited-edition/displate/5812751,700,AlisaZet,https://displate.com/alisazet,https://static.displate.com/280x392/displate/2023-08-02/8815663ecb07dae674de125075be836c_592c4d99bf77612d83193c615abac42b.jpg,Under the Lions gaze,https://displate.com/displate/6783551,LE,139,135
5805014,2022-10-13,https://static.displate.com/560x784/limited/2022-10-05/2b2a77242d2e7dc11fc14e6ebbc1f58c_2397a07154017d71dd9bd3203788a270.jpg,The Dragon Hunter,https://displate.com/limited-edition/displate/5805014,1500,Stefan Koidl,https://displate.com/koidl,,,,LE,139,136
5821364,2022-10-20,https://static.displate.com/560x784/limited/2022-10-12/ad255c4c51c3ef73193330e4d1e59418_c268842412d3aec6a528322871e9a28c.jpg,Deadly Embrace,https://displate.com/limited-edition/displate/5821364,1500,Anato Finnstark,https://displate.com/anatofinnstark,https://static.displate.com/280x392/displate/2020-11-20/0d8b559408c6b34954535fdfe920257b_1b85a2887bb933ddf690880100b332db.jpg,Deadly embrace,https://displate.com/displate/4053028,LE,139,137
5821366,2022-10-27,https://static.displate.com/560x784/limited/2022-10-19/b64b2a0b92d40591d6948d616b7857cd_13b195a752df0d69f78b2531c7ac0dcb.jpg,The Necromancer Rises,https://displate.com/limited-edition/displate/5821366,1500,Eden Design,https://displate.com/eddie,https://static.displate.com/280x392/displate/2023-08-01/244334027cc2fbebc39a0ec544a8e134_744896747bee24fabece5546fee329d7.jpg,The Necromancer Rises,https://displate.com/displate/6782564,LE,139,138
5473040,2022-11-03,https://static.displate.com/560x784/limited/2022-10-26/42cd7cd1e7cec224e73fd6a60c005ef1_9b143ee38e637113575b5434b851ee78.jpg,A Real Femme Fatale,https://displate.com/limited-edition/displate/5473040,1000,Resident Evil Village,https://displate.com/licensed/resident-evil-village,,,,LE,139,139
5852812,2022-11-08,https://static.displate.com/560x784/limited/2022-11-04/7aee86f086c2d9057c96f1ae55da2877_1f8dc89d97f7ce7261fa376038cc1051.jpg,The Mountain Temple,https://displate.com/limited-edition/displate/5852812,500,Icosphere,https://displate.com/icosphere,,,,ULE,289,3
5710685,2022-11-10,https://static.displate.com/560x784/limited/2022-11-02/5cb08210d0ef4cd9c36b087339a4e4df_8e8c7b6db4ac7afc6296d90d982bbfc9.jpg,March of the Griffins,https://displate.com/limited-edition/displate/5710685,1000,Stefan Koidl,https://displate.com/koidl,,,,LE,139,140
5832319,2022-11-17,https://static.displate.com/560x784/limited/2022-11-09/f5f2bd87e4494bdb0bea18aebde0ed1a_9b5d5fcc2856ed55ef83ec9fee5c346e.jpg,Meet the Valentinos,https://displate.com/limited-edition/displate/5832319,1000,Cyberpunk 2077,https://displate.com/licensed/cyberpunk-2077,,,,LE,139,141
5781908,2022-11-24,https://static.displate.com/560x784/limited/2022-11-16/3deb0d29942487a2c73db135f0b3210e_52675e328661d08bbe4691a301ac0622.jpg,Master of all Elements,https://displate.com/limited-edition/displate/5781908,1000,Avatar: The Last Airbender,https://displate.com/licensed/avatar-the-last-airbender,https://static.displate.com/280x392/displate/2023-08-30/a079a2d700bdb28d73b4e06986ed5a69_ecf3db60f35837684e17b7c13bc59d1f.jpg,Avatar Aang vs Ozai,https://displate.com/displate/6834963,LE,139,142
5884443,2022-12-01,https://static.displate.com/560x784/limited/2022-11-23/4a8bbe7a6a067fc3868434a102ed18bd_510821de43f224a47ed432ab48589c8b.jpg,Fáfnir's Lair,https://displate.com/limited-edition/displate/5884443,700,ikaruna,https://displate.com/ikaruna,https://static.displate.com/280x392/displate/2022-05-15/ab803b382813578e4c74c75ef84ddc94_d7586cb605a2ae87858f5574406d217d.jpg,Sigurd meets Fafnir,https://displate.com/displate/5502444,LE,139,143
5928891,2022-12-06,https://static.displate.com/560x784/limited/2022-12-02/70fc7cde25895f724fe69ac40b8ef3aa_c66280fb0330dc3bdacd0bc928a47f70.jpg,Witcher on the Path,https://displate.com/limited-edition/displate/5928891,500,Witcher 3,https://displate.com/licensed/witcher-3,,,,ULE,289,4
5921079,2022-12-08,https://static.displate.com/560x784/limited/2022-11-30/a1ebfa6780d04b7f6a5c8c9868687100_25690bbad478da57af8c87c2ed969ad3.jpg,It’s time to go Back!,https://displate.com/limited-edition/displate/5921079,700,Back To The Future,https://displate.com/licensed/back-to-the-future,https://static.displate.com/280x392/displate/2023-08-25/9f6be6675107568e0f50cc01ac7db05f_fdd2442043c55e0f2cc6ffb90d071234.jpg,It’s time to go Back!,https://displate.com/displate/6781710,LE,139,144
5903041,2022-12-15,https://static.displate.com/560x784/limited/2022-12-07/bdf5ce1c8bb425d350b5178d8b67a7b2_9de4f02a3366a0bfb91a25bafde30879.jpg,Live by the sword,https://displate.com/limited-edition/displate/5903041,700,Adam Spizak,https://displate.com/spizak,https://static.displate.com/280x392/displate/2022-07-29/0c55cf5eedc213197da9af99826e9a89_2b16bd7bf2e88a8bf9f2a1c02104297c.jpg,The Ghost of Vengeance,https://displate.com/displate/5704584,LE,139,145
5902920,2022-12-22,https://static.displate.com/560x784/limited/2022-12-14/148a9c2da81df4183b4e1a550731427d_ee4f1f19bb27511f64d859439af4f255.jpg,False Gods,https://displate.com/limited-edition/displate/5902920,700,MrWerewolf,https://displate.com/jakubrozalski,,,,LE,139,146
5854361,2022-12-29,https://static.displate.com/560x784/limited/2022-12-21/98ebdb6bfaf9262bcedcb6a29817ee99_5eceea3925ed052f15f46b666bbcbdd4.jpg,A Roll To Die For,https://displate.com/limited-edition/displate/5854361,1000,Dungeons and Dragons,https://displate.com/licensed/dungeons-and-dragons,https://static.displate.com/280x392/displate/2023-08-29/6fc958bd6528129e57352eae45f5811b_147e8dc8a7077397a62d9c4a364218eb.jpg,Ancient Red Dragon & Gold,https://displate.com/displate/6833044,LE,139,147
5987627,2023-01-03,https://static.displate.com/560x784/limited/2022-12-30/0b1549ab31d3dda84332c8a6f1418b6f_56443b4f8230dbe99d1b756ddebb82c3.jpg,Ghostly Sails,https://displate.com/limited-edition/displate/5987627,500,Dominik Mayer,https://displate.com/dominikmayer,,,,ULE,289,5
5987488,2023-01-05,https://static.displate.com/560x784/limited/2022-12-28/4020b17309ac2ace7104f49836fc0d51_0b8d1d0bb3b8f5d5426d7c63e67b283f.jpg,The Lich King,https://displate.com/limited-edition/displate/5987488,1500,World Of Warcraft,https://displate.com/licensed/world-of-warcraft,https://static.displate.com/280x392/displate/2023-08-10/ae58a5cbb884b0ce8ea9e5887161f479_9afc9cbdea7978e7a4e165b7ba2fb46b.jpg,Arthas Menethil,https://displate.com/displate/6797703,LE,139,148
5987497,2023-01-12,https://static.displate.com/560x784/limited/2023-01-04/8a158d7601c6ec52eecd8f022169c861_58f7738dfa15f3264e67aaeb5d5a499d.jpg,A Daring Escape,https://displate.com/limited-edition/displate/5987497,700,JoshKasperCreative,https://displate.com/joshkaspercreative,,,,LE,139,149
5991520,2023-01-19,https://static.displate.com/560x784/limited/2023-01-11/3d9d97a37aaf2f108196b32619caa7b0_f65a32f93ca3003d3901703b5a1737c8.jpg,Lava Leopard,https://displate.com/limited-edition/displate/5991520,1000,Louise Goalby,https://displate.com/fleetingember,https://static.displate.com/280x392/displate/2022-05-21/76f48dffd39ef6c6b59d9f00477686fa_8595d7764a6ec07db38cb81a088dcbba.jpg,Lava Leopard,https://displate.com/displate/5518086,LE,139,150
6050008,2023-01-26,https://static.displate.com/560x784/limited/2023-01-18/39ff6e5edeb59766a119953cf4829044_a8bf002cd1c9f3b0e44a514b8dfc2649.jpg,Heart of poison,https://displate.com/limited-edition/displate/6050008,1000,RIZA PEKER,https://displate.com/rizapeker,,,,LE,139,151
5930289,2023-02-02,https://static.displate.com/560x784/limited/2023-01-25/c5aeff98c689c66537323dcad7f98b37_74de03e01d00d8c9dd9c76ae1ea1317b.jpg,The Fields of Elysium,https://displate.com/limited-edition/displate/5930289,1000,Dominik Mayer,https://displate.com/dominikmayer,,,,LE,139,152
6096734,2023-02-07,https://static.displate.com/560x784/limited/2023-02-03/9da3673d1115783c10043e6f5b3ea809_84eba00b76cf7e2fc361cdaff724a05e.jpg,World Tree Yggdrasil,https://displate.com/limited-edition/displate/6096734,500,ikaruna,https://displate.com/ikaruna,https://static.displate.com/280x392/displate/2021-12-03/0e1b20cedcbebc05db97fbb4c7dfd1bc_79ab95b6cf3aedb39ce229028693566e.jpg,Yggdrasil Norse World Tree,https://displate.com/displate/5216373,ULE,289,6
6077956,2023-02-09,https://static.displate.com/560x784/limited/2023-02-01/1319d73d606f0436894538276fb908ef_2cdabcf8ca20f6c47aca8c63230ccd06.jpg,The Morning Cat,https://displate.com/limited-edition/displate/6077956,1000,Valmue,https://displate.com/valmue,,,,LE,139,153
6011333,2023-02-16,https://static.displate.com/560x784/limited/2023-02-08/f6f907b1389bb7ed2cba9901159d0022_d0fe5906837d681182debee4eb335e87.jpg,A Handful of Galaxy,https://displate.com/limited-edition/displate/6011333,1000,Tobias Roetsch,https://displate.com/taenaron,https://static.displate.com/280x392/displate/2021-11-22/d50233783c4d33b89f9ad5eed656225e_88114fd1fe0879adf48d71ba9b09257a.jpg,Regulator,https://displate.com/displate/5183828,LE,139,154
6120252,2023-02-23,https://static.displate.com/560x784/limited/2023-02-15/88c22e5bbd332558d20a13e4793bc1e0_369b309b5f666e2fb7509498d4d14902.jpg,Souls of the Future,https://displate.com/limited-edition/displate/6120252,1500,VaatiVidya,https://displate.com/vaatividya,https://static.displate.com/280x392/displate/2020-08-13/8812c0941dd76bd3b1df67bb88249249_b14088eef3ad5124795a7d60d78e5ba6.jpg,Future Souls,https://displate.com/displate/3553754,LE,139,155
6120241,2023-03-02,https://static.displate.com/560x784/limited/2023-02-22/76a918b25e55a7d006261297e2d3af9d_5ff47f9a59917798ad7006e5347555d1.jpg,The Great Ramen Wave,https://displate.com/limited-edition/displate/6120241,1000,Ilustrata,https://displate.com/ilustrata,https://static.displate.com/280x392/displate/2019-09-10/8f8407cd40d09a1eaaa44ab579fdeec8_b6fc4fc9c7ccd4da312163bc95707a7c.jpg,THE GREAT RAMEN OFF KANAGA,https://displate.com/displate/1285739,LE,139,156
6120268,2023-03-07,https://static.displate.com/560x784/limited/2023-03-03/438c01d4e3b56fd763dbf632f46241c2_852b9369f31866488c5c2ebdcbbd3b8f.jpg,Surrounded!,https://displate.com/limited-edition/displate/6120268,500,Stefan Koidl,https://displate.com/koidl,,,,ULE,289,7
6181143,2023-03-09,https://static.displate.com/560x784/limited/2023-03-01/0decb2c00aea0087f201a30d492ec429_6c587c31269bb31cc941a83fe71ae050.jpg,Back to Hogwarts,https://displate.com/limited-edition/displate/6181143,1500,Wizarding World,https://displate.com/licensed/wizarding-world,,,,LE,139,157
6227021,2023-03-16,https://static.displate.com/560x784/limited/2023-03-08/cf9e408b0dfaf180bd33022e8507fe37_a285eb3527be05a7990616e16d48d407.jpg,Steampunk City,https://displate.com/limited-edition/displate/6227021,1000,Ornamirus,https://displate.com/ornamirus,https://static.displate.com/280x392/displate/2023-02-09/ab027499699bc67eff3395e1760f1033_cdf9f8c0f29739fc6b50bfa8824ff8c1.jpg,Mobila,https://displate.com/displate/6222713,LE,139,158
6252666,2023-03-23,https://static.displate.com/560x784/limited/2023-03-15/c13023ec20967d5afcf4ea1fe1467565_07424dcd20f8b0f0ebb8ca1f2ee7af08.jpg,Building Humanity 2.0,https://displate.com/limited-edition/displate/6252666,1500,Inward,https://displate.com/inward,,,,LE,139,159
6227033,2023-03-30,https://static.displate.com/560x784/limited/2023-03-22/2e2d421b112e73555c5bb96d30631af1_abf267f525b3731c6c154ccf82e1bbf2.jpg,Castlevania Heroes,https://displate.com/limited-edition/displate/6227033,1000,Castlevania,https://displate.com/licensed/castlevania,https://static.displate.com/280x392/displate/2023-09-04/680369f3cf536decd8815edf54185733_55bec7d0da211da137402b8cf3ef71d1.jpg,Castlevania Night,https://displate.com/displate/6843758,LE,139,160
6308357,2023-04-04,https://static.displate.com/560x784/limited/2023-03-31/93cf25fe09dcd6f4cde7bbb5a23d0465_6b76d3d8784dd182b39d3e5a0cc6e865.jpg,Into the unknown,https://displate.com/limited-edition/displate/6308357,500,Tobias Roetsch,https://displate.com/taenaron,,,,ULE,289,8
6181146,2023-04-06,https://static.displate.com/560x784/limited/2023-03-29/6fd66f1e92679eac7605b57d2b3c7ad4_503e383052ed4fe0d6dbc6f346d8afb0.jpg,Grace In Spades,https://displate.com/limited-edition/displate/6181146,1000,Kitsune Yumiko,https://displate.com/kitsune,https://static.displate.com/280x392/displate/2023-08-02/78737c661174c1b451b3946c9a65092c_1763bf2e07e870a5181805411dc5c1e1.jpg,Grace In Spades,https://displate.com/displate/6783531,LE,139,161
6355779,2023-04-07,https://static.displate.com/460x640/lumino/2023-04-04/a8bd8763f567a461dd9a8ce008037eef_7eff10571e51d1d4299e9482196e6c78.jpg,Seduced by Night City,https://displate.com/lumino/6355779,N/A,Cyberpunk 2077,https://displate.com/licensed/cyberpunk-2077,,,,Lumino,299,1
6298987,2023-04-13,https://static.displate.com/560x784/limited/2023-04-05/fec086fbc167ec7caeb07c1109caf9cc_c8dd0bb49517d14cc5b1e6ab7abfc1a8.jpg,Here Be Dragons,https://displate.com/limited-edition/displate/6298987,1000,Eden Design,https://displate.com/eddie,https://static.displate.com/280x392/displate/2023-08-02/6b008e77c095d6b6d112eda9af1e61cb_54ed52d8cb400039888e3c4e30caac48.jpg,Here Be Dragons,https://displate.com/displate/6784349,LE,139,162
6397983,2023-04-20,https://static.displate.com/560x784/limited/2023-04-12/82e7ebe2253fcda0ad94bc7cd31b7ead_ae89b694775a760fa496e6c602f5b83b.jpg,Blessed By The Stars,https://displate.com/limited-edition/displate/6397983,1000,AlisaZet,https://displate.com/alisazet,https://static.displate.com/280x392/displate/2023-08-02/b68eec39f70aa50a9c0c1731695ac329_d7c49f129a38b8f2c2e4a14d74da6fe8.jpg,Blessed By The Stars,https://displate.com/displate/6783550,LE,139,163
6355789,2023-04-21,https://static.displate.com/460x640/lumino/2023-04-20/0bdb9a65d592a4b4a0e05a64f187e4ff_567bd45dbf332183a486f439d6f06a26.jpg,Leaving Earth,https://displate.com/lumino/6355789,N/A,NASA,https://displate.com/licensed/inspired-by-nasa,,,,Lumino,299,2
6398010,2023-04-27,https://static.displate.com/560x784/limited/2023-04-19/11f70f9ac67c84e5742ed5affada0776_899f8cafd11e07fbec86fb85b1d7ee4a.jpg,Dawn Hydra,https://displate.com/limited-edition/displate/6398010,500,Jonna Hyttinen,https://displate.com/scandygirl,https://static.displate.com/280x392/displate/2022-12-01/0b5236cabc70b751f2a91624b79f175a_b749d652633e951dd74c57948d686aaf.jpg,Hydra,https://displate.com/displate/5996782,LE,139,164
6398013,2023-04-27,https://static.displate.com/560x784/limited/2023-04-19/f972bcbd6e0aa5c891363408f8e91a7f_57e80a79a7ef986d7295058d73256799.jpg,Dusk Hydra,https://displate.com/limited-edition/displate/6398013,500,Jonna Hyttinen,https://displate.com/scandygirl,,,,LE,139,164
6407792,2023-05-02,https://static.displate.com/560x784/limited/2023-04-28/e9d503bcd18e64da8be13845be8f23e8_c9416453150d8fca2e228fae600b7150.jpg,The Explorer,https://displate.com/limited-edition/displate/6407792,300,Florenaux,https://displate.com/florenaux,https://static.displate.com/280x392/displate/2022-06-10/b237256bbcee02db5a8499f0acb2a8e4_7ffb1ec18b3901af9af53f31bb211cb6.jpg,Son Of Grace,https://displate.com/displate/5576379,ULE,289,9
6486185,2023-05-04,https://static.displate.com/560x784/limited/2023-04-26/1dfb52047628c03f9a693f2b8317f2f6_bc9c9164b20887425a40f18065508a65.jpg,Optimus Prime,https://displate.com/limited-edition/displate/6486185,700,Transformers,https://displate.com/licensed/transformers,https://static.displate.com/280x392/displate/2020-11-02/eb489f89534cf017b879ff4f2edbefe8_47424d0134dbb8b2c0e75d52a35b1eb7.jpg,IDW Revolution #4,https://displate.com/displate/3985314,LE,139,165
6355796,2023-05-05,https://static.displate.com/460x640/lumino/2023-05-04/c4d6bb96aebd81564b6c7560cddd8fa1_ed0a9d9e696a2c66831456d8b4fc5bd6.jpg,The Ambush,https://displate.com/lumino/6355796,N/A,Design Studio,https://displate.com/design_studio,,,,Lumino,299,3
6196000,2023-05-11,https://static.displate.com/560x784/limited/2023-05-03/cb3c75e2b2688b6a835af7e6e0a9410d_bf5bce03888ffa920a3e216a60d3680e.jpg,Elden Ring,https://displate.com/limited-edition/displate/6196000,1500,ELDEN RING,https://displate.com/licensed/elden-ring,https://static.displate.com/280x392/displate/2023-02-09/4b29d0c61c49bc00ef473c5e5d6365fe_3947dc0bd54c512ce59f6e2d5afd7013.jpg,ELDEN RING key art,https://displate.com/displate/6223301,LE,139,166
6501143,2023-05-18,https://static.displate.com/560x784/limited/2023-05-10/6f1f7295407782319ddc4ab084ddadb4_eb1f921b2c8608bf85dbf62b49d615fb.jpg,Moment Of Glory,https://displate.com/limited-edition/displate/6501143,700,J23 Production,https://displate.com/j23,,,,LE,139,167
6355805,2023-05-19,https://static.displate.com/460x640/lumino/2023-05-18/490dd8608860233ee41ffc45af8e6353_f0a84566bbce5ca105401479641df82f.jpg,Cosmic Deer,https://displate.com/lumino/6355805,N/A,Jonas Jödicke,https://displate.com/jojoesart,,,,Lumino,299,4
6299156,2023-05-25,https://static.displate.com/560x784/limited/2023-05-17/8345612af74118f9a510c943f17eed71_0a09da4dc811a27d533f34c59284a018.jpg,Return Of The Jedi™,https://displate.com/limited-edition/displate/6299156,1500,Star Wars,https://displate.com/licensed/star-wars,,,,LE,139,168
6501186,2023-06-01,https://static.displate.com/560x784/limited/2023-05-24/594a9594d7e3695aebfb5a1574cbb845_2c4b1b8fa1a70a9b67dcb879e8503880.jpg,Miles Morales & Gwen,https://displate.com/limited-edition/displate/6501186,1000,Marvel,https://displate.com/licensed/marvel,,,,LE,139,169
6596019,2023-06-06,https://static.displate.com/560x784/limited/2023-06-02/8c8eaaec19ebafce4ecc2f0ef2541533_874c42e12d9c08d46048aae780c53efe.jpg,Lachesis (1 of 3),https://displate.com/limited-edition/displate/6596019,300,Anna Podedworna,https://displate.com/akreon,,,,ULE,289,10
6596004,2023-06-08,https://static.displate.com/560x784/limited/2023-05-31/44e43eb9eda5101900493cb981faadf7_9a0cdf99911d71e028d970859ef4aa77.jpg,The Evening Cat,https://displate.com/limited-edition/displate/6596004,1000,Valmue,https://displate.com/valmue,https://static.displate.com/280x392/displate/2023-10-20/e9b495898263f48283c2c7c8fd4ef44a_a28bedee8ce9f2452bcd39c854ffb600.jpg,Evening Cat,https://displate.com/displate/6950357,LE,139,170
6633079,2023-06-15,https://static.displate.com/560x784/limited/2023-06-07/6871678a1261396c1b28e43892c0afe7_66a5824c44c2a454c4f42b6dff15e965.jpg,Inarius In Chains,https://displate.com/limited-edition/displate/6633079,1000,Diablo,https://displate.com/licensed/diablo,https://static.displate.com/280x392/displate/2023-06-06/27ee5132d45bc39553e95cd2d890cd77_6de115c94eb50b9a78975ed2a2446732.jpg,Inarius Chained,https://displate.com/displate/6645128,LE,139,171
6355812,2023-06-16,https://static.displate.com/460x640/lumino/2023-06-16/69558b3a76b0702783df6707949d5629_38274a748d46878f48343e0cee0dfdfd.jpg,Guardians vs Thanos,https://displate.com/lumino/6355812,N/A,Marvel,https://displate.com/licensed/marvel,,,,Lumino,299,5
6596006,2023-06-22,https://static.displate.com/560x784/limited/2023-06-14/989d4a0ab1eed2e177e0e639d06ad8c0_e141e57050b71b31c8ab397cf6bcb43e.jpg,The Mandalorian Saga,https://displate.com/limited-edition/displate/6596006,1500,Star Wars,https://displate.com/licensed/star-wars,,,,LE,139,172
6382260,2023-06-29,https://static.displate.com/560x784/limited/2023-06-21/19cd28243d5101b32aee20ebe1c268a4_6e3295820dc737d900f61c0d0e61c05e.jpg,Watatsumi Resists,https://displate.com/limited-edition/displate/6382260,1000,Genshin Impact,https://displate.com/licensed/genshin-impact,https://static.displate.com/392x280/displate/2023-07-14/b389eadf12f162997aabc2b288a73fe6_35bd1e1389adf5d1a17cf3fe0b403efb.jpg,Watatsumi,https://displate.com/displate/6756440,LE,139,173
6646487,2023-07-04,https://static.displate.com/560x784/limited/2023-06-30/4f1bd37fb8326c02e51e365e2b454834_d5c6d1558b8c863071897acd5b91c54f.jpg,The Ninja Aces,https://displate.com/limited-edition/displate/6646487,300,AlisaZet,https://displate.com/alisazet,,,,ULE,299,11
6698803,2023-07-06,https://static.displate.com/560x784/limited/2023-06-29/ee7b8617aeea44d70ea7ecf15702634d_c0b6826fc98870923ab39e3b153b7e0b.jpg,Batman On Watch,https://displate.com/limited-edition/displate/6698803,1000,DC Comics,https://displate.com/licensed/dc-comics,https://static.displate.com/280x392/displate/2023-08-01/1c51e99ea9ced4aa31e4f391151fafa6_453ac86acfd4b5ff87879992898f46a0.jpg,Bat-Signal Watch,https://displate.com/displate/6781530,LE,149,174
6596003,2023-07-13,https://static.displate.com/560x784/limited/2023-07-05/4a028b9344162f1a626adbdae9a98faa_8b7feae1908f928aeb7d14639fd2b09f.jpg,A Moment’s Respite,https://displate.com/limited-edition/displate/6596003,1000,Dark Souls,https://displate.com/licensed/dark-souls,https://static.displate.com/280x392/displate/2023-08-01/ad3dccd62184e6a41c9395a36c3ea95f_b4618ea4394d671de9c853b66cd55aaf.jpg,Bonfire in the Shrine,https://displate.com/displate/6781492,LE,149,175
6355809,2023-07-14,https://static.displate.com/460x640/lumino/2023-07-17/24054d4f711e85001f43626e271fde30_0989134ab47b34ac75d25b5e40baf31d.jpg,Defying the Gods,https://displate.com/lumino/6355809,N/A,Assassin's Creed,https://displate.com/licensed/assassins-creed,,,,Lumino,299,6
6751343,2023-07-20,https://static.displate.com/560x784/limited/2023-07-12/d05fbe30b16f1d4eeeb7d003c1c34284_f593acb510c29b8c2e29d18d1aa2c04e.jpg,Lilith Rises,https://displate.com/limited-edition/displate/6751343,1500,Diablo,https://displate.com/licensed/diablo,https://static.displate.com/280x392/displate/2022-11-22/0f87fdd3a695d41f27b11ae564c80e19_bff967d8aae332723943e2d1bcbffe8f.jpg,Lilith,https://displate.com/displate/5968841,LE,149,176
6323099,2023-07-27,https://static.displate.com/560x784/limited/2023-07-19/3f1b7fd1b2cf1d071e0adecd402b9910_3a6cf8632c037e319b4034c8660ed49f.jpg,Spacetime,https://displate.com/limited-edition/displate/6323099,700,Michal Dziekan,https://displate.com/michaldziekanillustration,,,,LE,149,177
6751350,2023-08-03,https://static.displate.com/560x784/limited/2023-07-26/097d89af3cbcf8f1ab7b56b785894f0b_4461507a66bcd9be668a8c39d5d4cceb.jpg,This is Jurassic Park,https://displate.com/limited-edition/displate/6751350,1000,Jurassic World,https://displate.com/licensed/jurassic-world,,,,LE,149,178
6751359,2023-08-08,https://static.displate.com/560x784/limited/2023-08-02/fe92c65d08a27158addd63d695ae3e0e_6980babb077ac7d41bb172daa5c3c552.jpg,Guardian of Light,https://displate.com/limited-edition/displate/6751359,300,ARTYA AnetaChalimoniuk,https://displate.com/artya,,,,ULE,299,12
6771451,2023-08-10,https://static.displate.com/560x784/limited/2023-08-02/6e3c6d828b17fc47851ce99dc1dd75d9_deda13f2255e44f3285f2402db96174f.jpg,The Lady And The Crow,https://displate.com/limited-edition/displate/6771451,1000,Anato Finnstark,https://displate.com/anatofinnstark,,,,LE,149,179
6648787,2023-08-17,https://static.displate.com/560x784/limited/2023-08-10/a4066e155f250db389f829f74a75ad7b_f1f38dd81661970ca1a656576a03cd7b.jpg,Kenzo the bakeneko,https://displate.com/limited-edition/displate/6648787,1000,Jonna Hyttinen,https://displate.com/scandygirl,,,,LE,149,180
6797271,2023-08-17,https://static.displate.com/560x784/limited/2023-08-10/b8c1ad3abab0be114f5148e3c4b58062_6dd9398ee2b0f0c3f5c5fc3b19c5c6c0.jpg,Black bakeneko,https://displate.com/limited-edition/displate/6797271,1000,Jonna Hyttinen,https://displate.com/scandygirl,,,,LE,149,180
6555450,2023-08-18,https://static.displate.com/460x640/lumino/2023-08-11/32477fdc15817321e3e2a474f6de6029_5be8a329122e9a58879ddc52f8473adf.jpg,The Ancient One,https://displate.com/lumino/6555450,N/A,Thank You,https://displate.com/norbertrybb_removed,,,,Lumino,299,7
6771437,2023-08-24,https://static.displate.com/560x784/limited/2023-08-16/0d0e82c0419e7551b14b1afc4f2773d4_06e07e1eeb74af36ad495a198699ba78.jpg,Obi-Wan Kenobi,https://displate.com/limited-edition/displate/6771437,1000,Star Wars,https://displate.com/licensed/star-wars,,,,LE,149,181
6646500,2023-08-31,https://static.displate.com/560x784/limited/2023-08-23/2c4c86f4228281372ef8b4ce1f9a12f4_f094683afe0635ca81a63b266ebab8ce.jpg,Master Chief,https://displate.com/limited-edition/displate/6646500,700,Halo Game,https://displate.com/licensed/halo-game,,,,LE,149,182
6780094,2023-09-05,https://static.displate.com/560x784/limited/2023-08-30/ec64f0987869f4a7c4f13a5bb663b9d6_eb796f6310285f8337d5999a2c5ccfc2.jpg,Clotho (2 of 3),https://displate.com/limited-edition/displate/6780094,300,Anna Podedworna,https://displate.com/akreon,,,,ULE,299,13
6648750,2023-09-07,https://static.displate.com/560x784/limited/2023-08-30/4f09bdc1660e9f805ba6192f5ad31250_93d7ff51d9aab84b93e24094b2519602.jpg,League of Legends Team,https://displate.com/limited-edition/displate/6648750,1500,League of Legends,https://displate.com/licensed/league-of-legends,,,,LE,149,183
6648745,2023-09-14,https://static.displate.com/560x784/limited/2023-09-06/605715d9c5542d30921ac12e81a7b29f_8f7067a77835756e4e6c6eb0a805156a.jpg,The Avengers™,https://displate.com/limited-edition/displate/6648745,1000,Marvel,https://displate.com/licensed/marvel,,,,LE,149,184
6839806,2023-09-21,https://static.displate.com/560x784/limited/2023-09-13/a6351bc96726b994fc0ca39a905f58c1_8b8cfb067b532d89afd4ecca1ced21f5.jpg,Starfield,https://displate.com/limited-edition/displate/6839806,1000,Starfield Game,https://displate.com/licensed/starfield,,,,LE,149,185
6846357,2023-09-28,https://static.displate.com/560x784/limited/2023-09-20/890525e9d28fab7fcad1a744209f2f40_a516a65ed350fd37b12c62ff0f040108.jpg,Grove of the Elf Druid,https://displate.com/limited-edition/displate/6846357,1000,Icosphere,https://displate.com/icosphere,,,,LE,149,186
6846353,2023-10-03,https://static.displate.com/560x784/limited/2023-09-28/705608b38d533a70a074a9bfcfe2e620_70d03eeecaaf5c661a0686f48c2e1cd9.jpg,The Voodoo Boys,https://displate.com/limited-edition/displate/6846353,500,Cyberpunk 2077,https://displate.com/licensed/cyberpunk-2077,,,,ULE,299,14
6846294,2023-10-05,https://static.displate.com/560x784/limited/2023-09-27/09506a5a2f7eb6101eeb43d5050fafe3_8e1ca2f9cac2e78298a2130684d7fe4a.jpg,Red Kitsune,https://displate.com/limited-edition/displate/6846294,300,Jonna Hyttinen,https://displate.com/scandygirl,,,,LE,149,187
6846326,2023-10-05,https://static.displate.com/560x784/limited/2023-09-27/91614f48216d1cca7f42b4a8cb445716_83de5dcf7b442163bb8aed2f59a2ef1c.jpg,White Kitsune,https://displate.com/limited-edition/displate/6846326,1000,Jonna Hyttinen,https://displate.com/scandygirl,https://static.displate.com/280x392/displate/2024-03-05/26e851fa8a6de971f95cb30d0e554e5d_7f29477f0b9eef8a20935e0ced087c75.jpg,Inaris Kitsune,https://displate.com/displate/7233531,LE,149,187
6678090,2023-10-06,https://static.displate.com/460x640/lumino/2023-09-29/368b3bec3be89f6c2d7db86e43690e73_58d2c32fada5896de4399fad7c2bf6ff.jpg,The Dragon God Bahamut,https://displate.com/lumino/6678090,N/A,Dungeons and Dragons,https://displate.com/licensed/dungeons-and-dragons,,,,Lumino,299,8
6267149,2023-10-12,https://static.displate.com/560x784/limited/2023-10-16/4c199bbb686c3ace97f81c819862b4d9_34de3ec0b768036ba5a07db28f7c07cf.jpg,Basim’s Path,https://displate.com/limited-edition/displate/6267149,1000,Assassin's Creed,https://displate.com/licensed/assassins-creed,https://static.displate.com/280x392/displate/2023-07-03/58f85bd95d6fc1ebca293115246c79b7_12ae4d35c5d35cbb14b9a97ba605d27b.jpg,Mirage Key Art,https://displate.com/displate/6731011,LE,149,188
6874041,2023-10-19,https://static.displate.com/560x784/limited/2023-10-11/d8c6ca153ded2d542b24a751225f5931_8520c2360944dca37f6dfeb22e859b84.jpg,Ahsoka Tano,https://displate.com/limited-edition/displate/6874041,1500,Star Wars,https://displate.com/licensed/star-wars,,,,LE,149,189
6895493,2023-10-26,https://static.displate.com/560x784/limited/2023-10-18/a4f06bcbef88c83f0b8d2bbc8f4598fb_ba91dfaf99dbb1b70c784c748868696a.jpg,Santa Muerte,https://displate.com/limited-edition/displate/6895493,1000,AlisaZet,https://displate.com/alisazet,,,,LE,149,190
6846335,2023-11-02,https://static.displate.com/560x784/limited/2023-10-25/85a0170cde2c8d0a14309b5f9e7fdbd3_97d54c959686b0d94a90f26fb30ff571.jpg,Prince Paul Atreides,https://displate.com/limited-edition/displate/6846335,1000,Dune,https://displate.com/licensed/dune,https://static.displate.com/280x392/displate/2024-02-29/89404d547f8d14b9c85c33d6e2a73174_f5ff4c1b2c98dd06136813e12116e577.jpg,Prince Paul,https://displate.com/displate/7226375,LE,149,191
6648844,2023-11-07,https://static.displate.com/560x784/limited/2023-10-30/a9f91e916bc2773d7d709219389bd891_7ae969a26583f85ef4dab49f903c7212.jpg,Stranger Things: Vecna,https://displate.com/limited-edition/displate/6648844,500,Stranger Things Series,https://displate.com/licensed/stranger-things-series,,,,ULE,299,15
6846331,2023-11-09,https://static.displate.com/560x784/limited/2023-10-31/60480964f238ec052a45fb7842844c22_d89d91838062b363d0728a45852fec58.jpg,The Centaur Knight,https://displate.com/limited-edition/displate/6846331,700,Dominik Mayer,https://displate.com/dominikmayer,,,,LE,149,192
6846292,2023-11-16,https://static.displate.com/560x784/limited/2023-11-08/1b67051949ddb334b88f2ba6ba94bb9e_9398db60860d0d983745e2d4e9f66a14.jpg,John Wick,https://displate.com/limited-edition/displate/6846292,1000,John Wick,https://displate.com/licensed/john-wick,https://static.displate.com/280x392/displate/2023-06-23/c254a6b1a70b953030b193b3de671056_0a3aa198ee6b3caa6b2649ec542387d2.jpg,John Wick 3 Key Art,https://displate.com/displate/6705574,LE,149,193
6881264,2023-11-17,https://static.displate.com/460x640/lumino/2023-11-08/356f6998f0731ff82dd30e61ef4b51aa_6d149a460652f01bf0837bb41630ecbf.jpg,Crystal Catacombs,https://displate.com/lumino/6881264,N/A,Avatar: The Last Airbender,https://displate.com/licensed/avatar-the-last-airbender,,,,Lumino,299,9
6501140,2023-11-23,https://static.displate.com/560x784/limited/2023-11-15/c7b3faea5ff3975519eff169176c4187_c7bda531143fa3eb9e2f838445273e43.jpg,Call of Duty,https://displate.com/limited-edition/displate/6501140,1000,Call of Duty,https://displate.com/licensed/call-of-duty,,,,LE,149,194
6874053,2023-11-30,https://static.displate.com/560x784/limited/2023-11-22/81b6e330ba0ca1cfe41f0d2e679cc8b3_0bbdbcc6e2e9ee463ac890b533749a23.jpg,Imperial Spades,https://displate.com/limited-edition/displate/6874053,1000,AlisaZet,https://displate.com/alisazet,,,,LE,149,195
6958834,2023-12-05,https://static.displate.com/560x784/limited/2023-11-27/dcb49cca4fe5d5ed52aa939e877ac647_d2d12db466ad5918aaefcd1246cf408c.jpg,Femme Fleur,https://displate.com/limited-edition/displate/6958834,500,RIZA PEKER,https://displate.com/rizapeker,,,,ULE,299,16
6846370,2023-12-07,https://static.displate.com/560x784/limited/2023-11-29/10881391042865a88aabdaa3f54c14a5_cf348b8137df3eac8b308f523fd97707.jpg,Astral Explorer,https://displate.com/limited-edition/displate/6846370,1000,Nicebleed,https://displate.com/nicebleed,,,,LE,149,196
6874066,2023-12-14,https://static.displate.com/560x784/limited/2023-12-06/3a18f7ef4faccba0fc350444746cd7dd_1dfcc457f5a8bae82edee126226a7ae4.jpg,The White Dragon,https://displate.com/limited-edition/displate/6874066,1000,Dungeons and Dragons,https://displate.com/licensed/dungeons-and-dragons,,,,LE,149,197
6961892,2023-12-21,https://static.displate.com/560x784/limited/2023-12-13/8c6bbb999709abc0b512fdd4c5339dfc_4745ca28816a8e42d7ca284d1ba408b9.jpg,The Wisdom of Toth,https://displate.com/limited-edition/displate/6961892,700,Jonna Hyttinen,https://displate.com/scandygirl,,,,LE,149,198
6648780,2023-12-28,https://static.displate.com/560x784/limited/2023-12-20/ed634c093b5878bfbd50c6375f5ea520_0cefc403e48cd583f1f920660ddf1e1a.jpg,Alien vs. Predator,https://displate.com/limited-edition/displate/6648780,1000,Alien vs Predator,https://displate.com/licensed/alien-vs-predator,,,,LE,149,199
7047576,2024-01-04,https://static.displate.com/560x784/limited/2023-12-27/048a2e75451473710275d6d52b1a9c79_c05c0586ebb58fe804df56c639fbd865.jpg,Roar of the Future,https://displate.com/limited-edition/displate/7047576,500,Tobias Roetsch,https://displate.com/taenaron,,,,LE,149,200
7047598,2024-01-04,https://static.displate.com/560x784/limited/2023-12-27/e143d5cd455cf82b8c550f2d199dc29f_f5bcb89feb1e34c238861bff3df732fb.jpg,Tail of the Past,https://displate.com/limited-edition/displate/7047598,500,Jonna Hyttinen,https://displate.com/scandygirl,,,,LE,149,200
7047609,2024-01-09,https://static.displate.com/560x784/limited/2024-01-01/1d953d14221593d6bafe864deb21e557_72de75ebdaf54456d11d32a45a759b19.jpg,The Twilight Warrior,https://displate.com/limited-edition/displate/7047609,300,Dominik Mayer,https://displate.com/dominikmayer,,,,ULE,299,17
7108331,2024-01-11,https://static.displate.com/560x784/limited/2024-01-03/51cb47d16b2122f5839e1848ecb3b1e6_f6becc436789c5d7807e21f5317e02cc.jpg,Japanese Beauty,https://displate.com/limited-edition/displate/7108331,1000,Design Studio,https://displate.com/design_studio,,,,LE,149,201
7108402,2024-01-18,https://static.displate.com/560x784/limited/2024-01-10/94654a9e6df7eff5330bf097505bc0ea_0aa1006436324177d188e6d59d6c260f.jpg,Takoyaki Attack!,https://displate.com/limited-edition/displate/7108402,700,Ilustrata,https://displate.com/ilustrata,https://static.displate.com/280x392/displate/2019-09-11/3022fc1a711e1e2410d60bf2b71703cf_2ed5f5959bb518b1911045fb98113452.jpg,TAKOYAKI ATTACK,https://displate.com/displate/1288831,LE,149,202
7154552,2024-01-25,https://static.displate.com/560x784/limited/2024-01-17/425aa623d31d4302bb58bf0d92bb4fc6_8436392f63dbbc2b4afa1415a4410584.jpg,The Unseen Rider,https://displate.com/limited-edition/displate/7154552,1000,Anato Finnstark,https://displate.com/anatofinnstark,,,,LE,149,203
7154555,2024-02-01,https://static.displate.com/560x784/limited/2024-01-24/7c01a78a0e835c28b1b5f6df6c49b152_8cd06018926f1033214042ad5a5b2352.jpg,Destination: Moon,https://displate.com/limited-edition/displate/7154555,500,Tobias Roetsch,https://displate.com/taenaron,https://static.displate.com/280x392/displate/2018-05-29/700c92b93406edc1e26086bdaf8b2160_093e45babe1638d646891d8fb0fa166f.jpg,A Portrait of the Solar System: Moon,https://displate.com/displate/583961,LE,149,204
7108421,2024-02-06,https://static.displate.com/560x784/limited/2024-01-29/4fc027253c1bb82fafe4a38d48578006_cb78ef26fe2db49a9233b0034648a23a.jpg,Fiery Waltz,https://displate.com/limited-edition/displate/7108421,500,Tatii Lange,https://displate.com/tatiilange,,,,ULE,299,18
7154560,2024-02-08,https://static.displate.com/560x784/limited/2024-01-31/d2e3174a8f4d5cd8f618548b18e04e65_8908e513c4867bac77394ee1726685ca.jpg,Meet the Mox,https://displate.com/limited-edition/displate/7154560,1000,Cyberpunk 2077,https://displate.com/licensed/cyberpunk-2077,,,,LE,149,205
7108407,2024-02-15,https://static.displate.com/560x784/limited/2024-02-07/ceed5a437c82ee07ecc466a2174adec9_92d1e87d43aaed2cda4d7bc1dbe3f711.jpg,Jin vs Kazuya,https://displate.com/limited-edition/displate/7108407,1000,TEKKEN,https://displate.com/licensed/tekken,,,,LE,149,206
7154426,2024-02-22,https://static.displate.com/560x784/limited/2024-02-14/b2ea7884fcaa7be421a043aa985f492f_b7355f993d733dadc937e22ededef3cf.jpg,Road of the Warrior,https://displate.com/limited-edition/displate/7154426,700,Michal Dziekan,https://displate.com/michaldziekanillustration,,,,LE,149,207
7213144,2024-02-29,https://static.displate.com/560x784/limited/2024-02-21/f0d86721b07e119b271440ba1d0d0c50_c05127a239da4e1e9253139e3a0764aa.jpg,Reforge,https://displate.com/limited-edition/displate/7213144,700,Rowynn Ellis,https://displate.com/rowynnellis,,,,LE,149,208
7154557,2024-03-05,https://static.displate.com/560x784/limited/2024-02-26/ed8a0589daf262cc2628ba2e75daab45_f671ad762c0b00f2d7403919024ce698.jpg,Atropos (3 out of 3),https://displate.com/limited-edition/displate/7154557,300,Anna Podedworna,https://displate.com/akreon,,,,ULE,299,19
6846361,2024-03-07,https://static.displate.com/560x784/limited/2024-02-28/98e0adaa972ac8dc14056124d4356146_c2ee75abb844a83bd86d1a5ff0e517cc.jpg,Intercessor Sergeant,https://displate.com/limited-edition/displate/6846361,1500,Warhammer,https://displate.com/licensed/warhammer,,,,LE,149,209
7222270,2024-03-14,https://static.displate.com/560x784/limited/2024-03-06/233f3d6a45704168341977952f378a48_765680b2dc1d8561e994ce248f1bd7df.jpg,Whispers of Inari,https://displate.com/limited-edition/displate/7222270,700,Ruby Art,https://displate.com/rubyart,https://static.displate.com/280x392/displate/2024-04-12/f7a77930eb3ec135cda3d58e57645ed3_f4f5899b3259597dbb4486d0c671847a.jpg,Fushimi Inari Japan Rubyar,https://displate.com/displate/7286011,LE,149,210
7108438,2024-03-21,https://static.displate.com/560x784/limited/2024-03-13/42cfb7599c89459414b63138e7ccf1d7_19331994c1fa28e6f6a1d1f91a569225.jpg,The Witch’s Dance,https://displate.com/limited-edition/displate/7108438,500,Valmue,https://displate.com/valmue,,,,LE,149,211
7222278,2024-03-28,https://static.displate.com/560x784/limited/2024-03-20/a8aa3589ee5e338a0362128b09da6c0f_891184d6a593b74381c4f4b60a7ac26e.jpg,Stormcaller Raijin,https://displate.com/limited-edition/displate/7222278,700,shidzaku,https://displate.com/shidzaku,,,,LE,149,212
7235067,2024-04-04,https://static.displate.com/560x784/limited/2024-03-27/b4bc04e2f3f3bfa33f427e5957017988_e00befc3a122a620c143fe79e36724ed.jpg,Blue Eye Samurai,https://displate.com/limited-edition/displate/7235067,1000,Blue Eye Samurai,https://displate.com/licensed/blue-eye-samurai,,,,LE,149,213
7235059,2024-04-09,https://static.displate.com/560x784/limited/2024-04-01/e1a0d91138f7e040ebbe393c904924b0_b01e8ffb72e4ad2b406d066c2f76593c.jpg,Twin Worlds,https://displate.com/limited-edition/displate/7235059,300,shidzaku,https://displate.com/shidzaku,,,,ULE,299,20
7235082,2024-04-11,https://static.displate.com/560x784/limited/2024-04-03/4e4abcad387a6a5ad6a939751a4d60c4_3c664a01486633b1fd4bbb5a2ecae209.jpg,The Witch’s Realm,https://displate.com/limited-edition/displate/7235082,200,Valmue,https://displate.com/valmue,,,,LE,149,214
7274760,2024-04-11,https://static.displate.com/560x784/limited/2024-04-03/d882fbf0429c0f29447f492b72385b23_2628e66a35f15e6706eed60ca81f953a.jpg,The Alien Queen,https://displate.com/limited-edition/displate/7274760,700,Alien,https://displate.com/licensed/alien,,,,LE,149,215
7282918,2024-04-18,https://static.displate.com/560x784/limited/2024-04-10/337a5b9bca41befe651cafd834b6f9df_01b4d5214783f3c5aab87539da6bc933.jpg,Nuka-Cola,https://displate.com/limited-edition/displate/7282918,1000,Fallout,https://displate.com/licensed/fallout,,,,LE,149,216
7253513,2024-04-19,https://static.displate.com/460x640/lumino/2024-04-12/3eb437768e5488a22b16a6174558ce4f_856498ce6250cbca02131e262505c11c.jpg,In Leshen’s Domain,https://displate.com/lumino/7253513,N/A,Witcher 3,https://displate.com/licensed/witcher-3,,,,Lumino,299,10
7282927,2024-04-25,https://static.displate.com/560x784/limited/2024-04-17/d343cca643d6f71401229936089c2014_e2f7f91be3fb4e360c6561d05f3dd6f1.jpg,A New Understanding,https://displate.com/limited-edition/displate/7282927,500,Calder Moore,https://displate.com/caldermoore,,,,LE,149,217
7292026,2024-05-02,https://static.displate.com/560x784/limited/2024-04-24/b8eb2f1da2e6ab9cb01c553c28646af0_de193de8b055c50cf4d8b8583c7c2ddc.jpg,Darth Maul,https://displate.com/limited-edition/displate/7292026,1500,Star Wars,https://displate.com/licensed/star-wars,,,,LE,149,218
7282997,2024-05-07,https://static.displate.com/560x784/limited/2024-04-29/2497ef686cb961307f0e139732ac228e_82f0fb489cf4f8b9f4d9ae163eb086e5.jpg,Chant of Kitsune,https://displate.com/limited-edition/displate/7282997,500,Nicolas Castell,https://displate.com/nicolascastell,,,,ULE,299,21
7292079,2024-05-09,https://static.displate.com/560x784/limited/2024-04-29/5388efafe0b80107de7893a80368668e_e9d2910252864d1068f16c830c27639d.jpg,Emperor of Mankind,https://displate.com/limited-edition/displate/7292079,1500,Warhammer,https://displate.com/licensed/warhammer,,,,LE,149,219
7313087,2024-05-16,https://static.displate.com/560x784/limited/2024-05-08/edfc590805364938b4cc13da4f7b2c74_b29185775055cab09c5828491a107ad3.jpg,Digital Ronin,https://displate.com/limited-edition/displate/7313087,500,shidzaku,https://displate.com/shidzaku,,,,LE,149,220
7315341,2024-05-17,https://static.displate.com/460x640/lumino/2024-05-10/010b74433795da48dd699f8a4b4ce02c_e46a1222f0f383963b3b45bf38200939.jpg,Presence of the Baron,https://displate.com/lumino/7315341,N/A,League of Legends,https://displate.com/licensed/league-of-legends,,,,Lumino,299,11
7289671,2024-05-23,https://static.displate.com/560x784/limited/2024-05-15/cc22f85e878d604ae1c22ea4aac65f1c_48a3da0c4705ba25a03879a3be566b39.jpg,1mag1ne,https://displate.com/limited-edition/displate/7289671,1111,Design Studio,https://displate.com/design_studio,,,,LE,149,221
7292072,2024-05-23,https://static.displate.com/560x784/limited/2024-05-15/376eb5d708e265a05e33d60ac0790bd0_5741b77815e2f1032573606a7fd093cf.jpg,Godzilla x Kong,https://displate.com/limited-edition/displate/7292072,1000,Godzilla vs Kong,https://displate.com/licensed/godzilla-vs-kong,,,,LE,149,222
7292064,2024-05-30,https://static.displate.com/560x784/limited/2024-05-22/3501402d04dbd84e8d2ef579f821a5c2_142281a31f871fb5f86c9e42f8c6cbad.jpg,Incendium,https://displate.com/limited-edition/displate/7292064,1000,Dominik Mayer,https://displate.com/dominikmayer,,,,LE,149,223
7331808,2024-06-04,https://static.displate.com/560x784/limited/2024-05-27/f2a8b23143af517a98f484e82fd28647_b1d88c1f7cc33d80ffd384b24a0d83ae.jpg,The Radiant Temple,https://displate.com/limited-edition/displate/7331808,500,Icosphere,https://displate.com/icosphere,,,,ULE,299,22
7344298,2024-06-06,https://static.displate.com/560x784/limited/2024-05-29/feaf2f520361be27abe617c95e10973b_84164d8849d84434e4f8d5d92a7447e7.jpg,The Traveler,https://displate.com/limited-edition/displate/7344298,1000,Destiny Game,https://displate.com/licensed/destiny,,,,LE,149,224
7344305,2024-06-13,https://static.displate.com/560x784/limited/2024-06-05/e41c0af204ae9795758091585e85c176_68e01840465d537a806172b7cc2be102.jpg,The Glacial Guardian,https://displate.com/limited-edition/displate/7344305,700,Stefan Koidl,https://displate.com/koidl,,,,LE,149,225
7108428,2024-06-20,https://static.displate.com/560x784/limited/2024-06-12/681f00e38245d8982b1a25a8669fecda_72f494e44c57ad2301056735102852db.jpg,The Guidance of Grace,https://displate.com/limited-edition/displate/7108428,1500,ELDEN RING,https://displate.com/licensed/elden-ring,,,,LE,149,226
7368056,2024-06-27,https://static.displate.com/560x784/limited/2024-06-19/b9974515abdcf03a22d59df3a3918e61_ca5dcac75d0eb53909b8130f5c57d999.jpg,Child of the Beyond,https://displate.com/limited-edition/displate/7368056,500,Regin Wellander,https://displate.com/reginwellander,,,,LE,149,227
7376515,2024-07-02,https://static.displate.com/560x784/limited/2024-06-24/ed7240961425e3924e7a1d614586f4e1_519e89108273735e400c205309344000.jpg,Nocturnal Messenger,https://displate.com/limited-edition/displate/7376515,600,Jonna Hyttinen,https://displate.com/scandygirl,,,,ULE,299,23
7376525,2024-07-04,https://static.displate.com/560x784/limited/2024-06-26/3886aae9337ced2664b7df2a5e285f33_3afbd87579cb9d16fdd6e3e642ddf33c.jpg,Purring Fantasy,https://displate.com/limited-edition/displate/7376525,1000,Louise Goalby,https://displate.com/fleetingember,,,,LE,149,228
7376541,2024-07-11,https://static.displate.com/560x784/limited/2024-07-03/885edb11241ee5cfb91c3ca698c08eaa_fe5c27c7479ca9de26bc2f2703f723c8.jpg,London Skyline,https://displate.com/limited-edition/displate/7376541,700,Studio 324,https://displate.com/studio324,,,,LE,149,229
7376546,2024-07-18,https://static.displate.com/560x784/limited/2024-07-10/e864037f150b4df360be695293d4138a_d68dd3be81bf5cea784673e3d6529977.jpg,Bamboo Forest,https://displate.com/limited-edition/displate/7376546,1500,Ruby Art,https://displate.com/rubyart,,,,LE,149,230
7398528,2024-07-18,https://static.displate.com/560x784/limited/2024-07-11/214203d8a6571817b664c928531145c3_f99292da24ee4bf0342dfd3c90c5a213.jpg,Silver Bamboo Forest,https://displate.com/limited-edition/displate/7398528,700,Ruby Art,https://displate.com/rubyart,,,,LE,149,230
7389668,2024-07-25,https://static.displate.com/560x784/limited/2024-07-17/ea6abd29775f37b8cf3001479969b912_75d0fe7292a4d6ba4a90ce4bbebca8ad.jpg,Deadpool & Wolverine,https://displate.com/limited-edition/displate/7389668,1200,Marvel,https://displate.com/licensed/marvel,,,,LE,149,231